Site,Year,UrbanIndustrial,UrbanResidence,RuralResidentialIndustrial,IndustrialSiteRural,WindGenerationFacility,OtherDisturbedVegetation,MineSite,PeatMine,WellSite,Pipeline,TransmissionLine,SeismicLineNarrow,SeismicLineWide,RoadHardSurface,RailHardSurface,RoadTrailVegetated,RoadVegetatedVerge,RailVegetatedVerge,CultivationCrop,CultivationAbandoned,CultivationRoughPasture,CultivationTamePasture,HighDensityLivestockOperation,BorrowpitsDugoutsSumps,MunicipalWaterSewage,Reservoirs,Canals,ForestHarvest
W216,2007,0,0,0,0,0,0,0,0,0.037553383,0,0,0,0.052000305,0,0,0.015821709,0,0,0,0,0,0,0,0.018654887,0,0,0,0
W217,2007,0,0,0,0,0,0,0,0,0,0,0,0,0.014607654,0,0,0,0,0,0,0,0,0,0,0,0,0,0,0
W218,2007,0,0,0,0,0,0,0,0,0.003637456,0.022010523,0,0,0.019941299,0,0,0,0,0,0,0,0,0,0,0,0,0,0,0
W246,2007,0,0,0,0,0,0,0,0,0,0,0,0,0,0,0,0,0,0,0,0,0,0,0,0,0,0,0,0
W247,2007,0,0,0,0,0,0,0,0,0.010055565,0.056943437,0,0,0.022951485,0,0,0,0,0,0,0,0,0,0,0,0,0,0,0
W248,2007,0,0,0,0,0,0,0,0,0.028031984,0.036428327,0,0,0.020424019,0,0,0,0,0,0,0,0,0,0,0,0,0,0,0
W360,2007,0,0,0,0,0,0,0,0,0,0,0,0,0,0,0,0,0,0,0,0,0,0,0,0,0,0,0,0
W276,2007,0,0,0,0,0,0,0,0,0,0,0,0,0.094701382,0,0,0,0,0,0,0,0,0,0,0,0,0,0,0
W277,2007,0,0,0,0,0,0,0,0,0.009422015,0.067099588,0,0,0.034689345,0.020054425,0,0,0,0,0,0,0,0,0,0,0,0,0,0
W278,2007,0,0,0,0.015592159,0,0,0,0,0,0,0,0,0.028721702,0,0,0,0,0,0,0,0,0,0,0,0,0,0,0
W329,2007,0,0,0,0,0,0,0,0,0,0,0,0,0.00016105,0,0,0,0,0,0,0,0,0,0,0,0,0,0,0.105883192
W330,2007,0,0,0,0,0,0,0,0,0,0,0,0,0,0,0,0,0,0,0,0,0,0,0,0,0,0,0,0
W331,2007,0,0,0,0,0,0,0,0,0,0,0,0,0.003253861,0,0,0,0,0,0,0,0,0,0,0,0,0,0,0
W358,2007,0,0,0,0,0,0.019592922,0,0,0,0,0,0,0.015262325,0,0,0.001378594,0,0,0,0,0,0,0,0,0,0,0,0.162810916
W359,2007,0,0,0,0,0,0,0,0,0,0,0,0,0.026592829,0,0,0,0,0,0,0,0,0,0,0,0,0,0,0
W388,2007,0,0,0,0,0,0,0,0,0.008419664,0,0,0,0.020866911,0,0,0.001151306,0,0,0,0,0,0,0,0,0,0,0,0
W389,2007,0,0,0,0,0,0,0,0,0,0,0,0,0,0,0,0,0,0,0,0,0,0,0,0,0,0,0,0
W390,2007,0,0,0,0,0,0,0,0,0.015304167,0,0,0,0.086448393,0,0,0,0,0,0,0,0,0,0,0,0,0,0,0
W484,2007,0,0,0,0,0,0,0,0,0,0,0,0,0.028248119,0,0,0,0,0,0,0,0,0,0,0,0,0,0,0
W512,2007,0,0,0,0,0,0,0,0,0,0,0,0,0,0,0,0,0,0,0,0,0,0,0,0,0,0,0,0
W513,2007,0,0,0,0,0,0,0,0,0,0,0,0,0.008054187,0,0,0,0,0,0,0,0,0,0,0,0,0,0,0
W514,2007,0,0,0,0,0,0,0,0,0,0,0,0,0,0,0,0,0,0,0,0,0,0,0,0,0,0,0,0
W515,2007,0,0,0,0,0,0,0,0,0,0,0,0,0.020427871,0,0,0,0,0,0,0,0,0,0,0.016731363,0,0,0,0
W543,2007,0,0,0,0,0,0,0,0,0,0.007159805,0,0,0.001233698,0.0299074,0,0,0,0,0,0,0,0,0,0,0,0,0,0
W544,2007,0,0,0,0,0,0,0,0,0,0,0,0,0.003754537,0,0,0,0,0,0,0,0,0,0,0,0,0,0,0
W545,2007,0,0,0,0,0,0,0,0,0,0,0,0,0,0,0,0,0,0,0,0,0,0,0,0,0,0,0,0
W574,2007,0,0,0,0,0,0,0,0,0,0,0,0,0.009246388,0,0,0.00155633,0,0,0,0,0,0,0,0,0,0,0,0.150693851
W575,2007,0,0,0,0,0,0,0,0,0,0,0,0,0.011740859,0,0,0,0,0,0,0,0,0,0,0,0,0,0,0
W576,2007,0,0,0,0,0,0,0,0,0,0,0,0,0,0,0,0,0,0,0,0,0,0,0,0,0,0,0,0
W584,2007,0,0,0,0,0,0,0,0,0,0,0,0,0.018112546,0,0,0,0,0,0,0,0,0,0,0,0,0,0,0
W585,2007,0,0,0,0,0,0,0,0,0,0,0,0,0.018562386,0,0,0,0,0,0,0,0,0,0,0,0,0,0,0
W586,2007,0,0,0,0,0,0,0,0,0,0,0,0,0.00640052,0,0,0,0,0,0,0,0,0,0,0,0,0,0,0.085847486
W599,2007,0,0,0,0,0,0,0,0,0.032454891,0.028036273,0,0,0,0,0,0,0,0,0,0,0,0,0,0,0,0,0,0
W600,2007,0,0,0,0,0,0,0,0,0,0,0,0,0,0,0,0,0,0,0,0,0,0,0,0,0,0,0,0.531348192
W601,2007,0,0,0,0,0,0,0,0,0,0,0,0,0,0,0,0,0,0,0,0,0,0,0,0,0,0,0,0
W616,2007,0,0,0,0,0,0,0,0,0,0,0,0,0.016019225,0,0,0,0,0,0,0,0,0,0,0,0,0,0,0
W617,2007,0,0,0,0,0,0,0,0,0,0,0,0,0.010319179,0.03159306,0,0,0,0,0.230755841,0,0,0,0,0,0,0,0,0
W618,2007,0,0,0,0,0,0,0,0,0,0,0,0,0.005525832,0,0,0,0,0,0,0,0,0,0,0,0,0,0,0
W631,2007,0,0,0,0,0,0,0,0,0,0,0,0,0.009160021,0,0,0,0,0,0,0,0,0,0,0,0,0,0,0
W632,2007,0,0,0,0,0,0,0,0,0,0,0,0,0.003063961,0,0,0,0,0,0,0,0,0,0,0,0,0,0,0
W633,2007,0,0,0,0,0,0,0,0,0.017984189,0,0,0,0.023538294,0,0,0,0,0,0,0,0,0,0,0,0,0,0,0
W649,2007,0,0,0,0,0,0,0,0,0,0,0,0,0.010151747,0,0,0,0,0,0,0,0,0,0,0,0,0,0,0
W650,2007,0,0,0,0,0,0,0,0,0,0,0,0,0.016767742,0,0,0.00806564,0,0,0.249594816,0,0,0,0,0,0,0,0,0
W663,2007,0,0,0,0,0,0,0,0,0,0,0,0,0.004671713,0,0,0,0,0,0,0,0,0,0,0,0,0,0,0
W664,2007,0,0,0,0,0,0,0,0,0,0,0,0,0.014327104,0,0,0,0,0,0,0,0,0,0,0,0,0,0,0
W665,2007,0,0,0,0,0,0,0,0,0,0,0,0,0,0,0,0,0,0,0,0,0,0,0,0,0,0,0,0
W791,2007,0,0,0,0.041306928,0,0,0,0,0,0.022088499,0,0,1.22E-05,0,0,0,0,0,0,0,0,0,0,0,0,0,0,0
W792,2007,0,0,0,0,0,0,0,0,0,0,0,0,0,0,0,0,0,0,0,0,0,0,0,0,0,0,0,0
W793,2007,0,0,0,0,0,0,0,0,0,0,0,0,0.014107912,0,0,0,0,0,0,0,0,0,0,0,0,0,0,0.260554166
W823,2007,0,0,0.019550038,0,0,0,0,0,0,0,0,0,0,0.030231579,0,0.002485627,0.043646706,0,0.737246322,0,0,0,0,0.001298587,0,0,0,0
W824,2007,0,0,0.020589632,0,0,0,0,0,0,0,0,0,0.00085194,0.008152718,0,0,0,0,0.333033557,0,0,0,0.015751095,0,0,0,0,0.024588862
W825,2007,0,0,0,0,0,0,0,0,0,0,0,0,0,0.004580823,0,0,0.008145295,0,0,0,0,0,0,0,0,0,0,0
W855,2007,0,0,0,0,0,0,0,0,0,0,0,0,0.00239042,0,0,0.023651228,0,0,0.531320108,0,0,0,0,0,0,0,0,0
W856,2007,0,0,0,0,0,0,0,0,0,0,0,0,0.037095855,0,0,0,0,0,0.009846847,0,0,0,0,0,0,0,0,0
W857,2007,0,0,0,0,0,0,0,0,0,0,0.0995375,0,0.013320472,0,0,0,0,0,0.000752441,0,0.00571816,0,0,0,0,0,0,0
W1085,2007,0,0,0.016128067,0,0,0,0,0,0,0,0,0,0.053243929,0.022837723,0,0,0.032445468,0,0.2663108,0,0,0,0,0,0,0,0,0
W314,2008,0,0,0,0,0,0,0,0,0,0,0,0,5.65E-05,0,0,0.012946829,0,0,0.252181407,0,0,0,0,0,0,0,0,0
W315,2008,0,0,0,0,0,0,0,0,0,0,0,0,0,0,0,0,0,0,0,0,0,0,0,0,0,0,0,0
W316,2008,0,0,0,0,0,0,0,0,0,0,0,0,0,0,0,0,0,0,0,0,0,0,0,0,0,0,0,0
W343,2008,0,0,0,0,0,0,0,0,0,0,0,0,0.018007771,0,0,0,0,0,0,0,0,0,0,0,0,0,0,0
W344,2008,0,0,0,0,0,0,0,0,0,0,0,0,0.006240747,0,0,0,0,0,0,0,0,0,0,0,0,0,0,0
W345,2008,0,0,0,0,0,0,0,0,0,0,0,0,0.019185377,0,0,0,0,0,0,0,0,0,0,0,0,0,0,0
W373,2008,0,0,0,0,0,0,0,0,0,0,0,0,0,0,0,0,0,0,0,0,0,0,0,0,0,0,0,0
W374,2008,0,0,0,0,0,0,0,0,0,0,0,0,0.001795727,0,0,0,0,0,0,0,0,0,0,0,0,0,0,0
W375,2008,0,0,0,0,0,0,0,0,0,0,0,0,0.020605106,0,0,0,0,0,0,0,0,0,0,0,0,0,0,0
W412,2008,0,0,0,0,0,0,0,0,0,0,0,0,0.009247777,0,0,0,0,0,0,0,0,0,0,0,0,0,0,0
W413,2008,0,0,0,0,0,0,0,0,0,0,0,0,0,0,0,0,0,0,0,0,0,0,0,0,0,0,0,0
W414,2008,0,0,0,0,0,0,0,0,0,0,0,0,0,0,0,0,0,0,0,0,0,0,0,0,0,0,0,0
W442,2008,0,0,0,0,0,0,0,0,0,0,0,0,0.00231374,0,0,0,0,0,0,0,0,0,0,0,0,0,0,0
W443,2008,0,0,0,0,0,0,0,0,0,0,0,0,0,0,0,0,0,0,0,0,0,0,0,0,0,0,0,0
W444,2008,0,0,0,0,0,0,0,0,0,0.045216781,0,0,0,0,0,0,0,0,0,0,0,0,0,0,0,0,0,0
W472,2008,0,0,0,0,0,0,0,0,0.003910901,0,0,0,0.025863867,0,0,0,0,0,0,0,0,0,0,0,0,0,0,0.203244846
W473,2008,0,0,0,0,0,0,0,0,0,0,0,0,0,0,0,0,0,0,0,0,0,0,0,0,0,0,0,0
W474,2008,0,0,0,0,0,0,0,0,0,0,0,0,0,0,0,0,0,0,0,0,0,0,0,0,0,0,0,0
W688,2008,0,0,0,0,0,0,0,0,0,0,0,0,0.012893048,0,0,0,0,0,0,0,0,0,0,0,0,0,0,0
W689,2008,0,0,0,0,0,0,0,0,0,0,0,0,0.006782172,0,0,0,0,0,0,0,0,0,0,0,0,0,0,0
W690,2008,0,0,0,0,0,0,0,0,0,0,0,0,0.030269327,0.016837985,0,0.004948325,0.011712765,0,0,0,0,0,0,0,0,0,0,0
W719,2008,0,0,0,0,0,0,0,0,0,0,0,0,0.013486244,0,0,0,0,0,0,0,0,0,0,0,0,0,0,0
W720,2008,0,0,0,0,0,0,0,0,0.028711175,0.04010428,0,0,0,0,0,0.004751048,0,0,0,0,0,0,0,0,0,0,0,0
W750,2008,0,0,0,0,0,0,0,0,0,0,0,0,0.002377702,0,0,0.035431455,0,0,0,0,0,0,0,0,0,0,0,0
W867,2008,0,0,0,0,0,0,0,0,0,0,0,0,0.008483306,0,0,0,0,0,0,0,0,0,0,0,0,0,0,0
W868,2008,0,0,0,0,0,0,0,0,0,0,0,0,0.056382879,0,0,0,0,0,0,0,0,0,0,0,0,0,0,0
W899,2008,0,0,0,0,0,0,0,0,0,0,0,0,0.004386217,0,0,0,0,0,0,0,0,0,0,0,0,0,0,0
W900,2008,0,0,0,0,0,0,0,0,0.024566215,0.029989568,0,0,0.021656147,0,0,0,0,0,0,0,0,0,0,0,0,0,0,0
W901,2008,0,0,0,0,0,0,0,0,0.007079234,0,0,0,0.013489028,0,0,0,0,0,0,0,0,0,0,0,0,0,0,0
W933,2008,0,0,0,0,0,0,0,0,0,0,0,0,0.000888576,0,0,0,0,0,0,0,0,0,0,0,0,0,0,0
W1009,2008,0,0,0.054784898,0,0,0,0,0,0,0,0,0,0.021366761,0.045864522,0,0.020186312,0,0,0,0,0,0,0,0,0,0,0,0
W1355,2008,0,0,0,0,0,0,0,0,0,0,0,0,0.00628522,0,0,0,0,0,0.33923041,0,0,0,0,0,0,0,0,0
W1380,2008,0,0,0.095174061,0,0,0,0,0,0,0,0,0,0.013270805,0,0,0.010350052,0,0,0.409678834,0,0,0,0,0,0,0,0,0
W1404,2008,0,0,0,0,0,0,0,0,0,0.006112914,0,0,0.009005991,0,0,0,0,0,0.4950674,0,0,0,0,0,0,0,0,0
W2,2009,0,0,0,0,0,0,0,0,0,0,0,0,0,0,0,0,0,0,0,0,0,0,0,0,0,0,0,0
W3,2009,0,0,0,0,0,0,0,0,0,0,0,0,0,0,0,0,0,0,0,0,0,0,0,0,0,0,0,0
W13,2009,0,0,0,0,0,0,0,0,0,0,0,0,0,0,0,0,0,0,0,0,0,0,0,0,0,0,0,0
W14,2009,0,0,0,0,0,0,0,0,0,0,0,0,0,0,0,0,0,0,0,0,0,0,0,0,0,0,0,0
W15,2009,0,0,0,0,0,0,0,0,0,0,0,0,0,0,0,0,0,0,0,0,0,0,0,0,0,0,0,0
W32,2009,0,0,0,0,0,0,0,0,0,0,0,0,0,0,0,0,0,0,0,0,0,0,0,0,0,0,0,0
W506,2009,0,0,0,0,0,0,0,0,0,0,0,0,0,0,0,0,0,0,0,0,0,0,0,0,0,0,0,0
W507,2009,0,0,0,0,0,0,0,0,0,0,0,0,0,0,0,0,0,0,0,0,0,0,0,0,0,0,0,0
W508,2009,0,0,0,0,0,0,0,0,0,0,0,0,0.011683526,0,0,0,0,0,0,0,0,0,0,0,0,0,0,0
W537,2009,0,0,0,0,0,0,0,0,0,0,0,0,0.0112199,0,0,0,0,0,0,0,0,0,0,0,0,0,0,0
W538,2009,0,0,0,0,0,0,0,0,0,0,0,0,0,0,0,0,0,0,0,0,0,0,0,0,0,0,0,0
W539,2009,0,0,0,0,0,0,0,0,0,0,0,0,0,0,0,0.011341589,0,0,0,0,0,0,0,0,0,0,0,0.238340067
W568,2009,0,0,0,0,0,0,0,0,0,0,0,0,0,0,0,0,0,0,0,0,0,0,0,0,0,0,0,0
W569,2009,0,0,0,0,0,0,0,0,0,0,0,0,0.004512244,0,0,0,0,0,0,0,0,0,0,0,0,0,0,0
W570,2009,0,0,0,0,0,0,0,0,0,0,0,0,0.009204107,0,0,0,0,0,0,0,0,0,0,0,0,0,0,0.10376966
W697,2009,0,0,0,0,0,0,0,0,0.00102614,0,0,0,0.00552665,0,0,0.020598877,0,0,0,0,0,0,0,0,0,0,0,0.278494094
W698,2009,0,0,0,0,0,0,0,0,0,0,0,0,0.000358627,0,0,0,0,0,0,0,0,0,0,0,0,0,0,0
W699,2009,0,0,0,0,0,0,0,0,0,0,0,0,0.010039403,0,0,0,0,0,0,0,0,0,0,0,0,0,0,0
W728,2009,0,0,0,0,0,0,0,0,0.00631701,0,0,0,0.010534152,0,0,0.000707323,0,0,0,0,0,0,0,0,0,0,0,0
W729,2009,0,0,0,0,0,0,0,0,0.016156786,0.046262063,0,0,0,0,0,0,0,0,0,0,0,0,0,0,0,0,0,0
W730,2009,0,0,0,0,0,0,0,0,0,0,0,0,0.02161265,0,0,0,0,0,0,0,0,0,0,0,0,0,0,0
W759,2009,0,0,0,0,0,0,0,0,0,0,0,0,0.025947108,0,0,0,0,0,0,0,0,0,0,0,0,0,0,0.005782671
W760,2009,0,0,0,0,0,0,0,0,0,0,0,0,0,0,0,0.017205712,0,0,0,0,0,0,0,0,0,0,0,0.024503186
W761,2009,0,0,0,0,0,0,0,0,0.003478185,0,0,0,0.026735692,0,0,0,0,0,0,0,0,0,0,0,0,0,0,0.297286431
W497,2009,0,0,0,0,0,0,0,0,0,0,0,0,0.004191933,0,0,0,0,0,0,0,0,0,0,0,0,0,0,0
W498,2009,0,0,0,0,0,0,0,0,0.000590165,0,0,0,0.01027611,0,0,0,0,0,0,0,0,0,0,0,0,0,0,0
W499,2009,0,0,0,0,0,0,0,0,0,0,0,0,0.023421158,0,0,0,0,0,0,0,0,0,0,0,0,0,0,0
W528,2009,0,0,0,0,0,0,0,0,0,0,0,0,0.036670221,0,0,0,0,0,0,0,0,0,0,0,0,0,0,0
W529,2009,0,0,0,0,0,0,0,0,0,0.049085995,0,0,0.030024298,0,0,0,0,0,0,0,0,0,0,0,0,0,0,0
W530,2009,0,0,0,0,0,0,0,0,0,0,0,0,0.045500597,0,0,0,0,0,0,0,0,0,0,0,0,0,0,0
W560,2009,0,0,0,0,0,0,0,0,0.049560292,0,0,0,0.020695063,0,0,0.011202973,0,0,0,0,0,0,0,0,0,0,0,0
W561,2009,0,0,0,0,0,0,0,0,0,0,0,0,0.039117205,0,0,0,0,0,0,0,0,0,0,0,0,0,0,0
W947,2009,0,0,0,0,0,0,0,0,0,0,0,0,0,0,0,0,0,0,0,0,0,0,0,0,0,0,0,0
W149,2010,0,0,0,0,0,0,0,0,0,0,0,0,0,0,0,0,0,0,0,0,0,0,0,0,0,0,0,0
W178,2010,0,0,0,0,0,0,0,0,0,0,0,0,0,0,0,0,0,0,0,0,0,0,0,0,0,0,0,0
W179,2010,0,0,0,0,0,0,0,0,0,0,0,0,0,0,0,0,0,0,0,0,0,0,0,0,0,0,0,0
W207,2010,0,0,0,0,0,0,0,0,0,0,0,0,0,0,0,0,0,0,0,0,0,0,0,0,0,0,0,0
W208,2010,0,0,0,0,0,0,0,0,0,0,0,0,0,0,0,0,0,0,0,0,0,0,0,0,0,0,0,0
W324,2010,0,0,0,0,0,0,0,0,0,0,0,0,0,0,0,0,0,0,0,0,0,0,0,0,0,0,0,0
W323,2010,0,0,0,0,0,0,0,0,0,0,0,0,0,0,0,0,0,0,0,0,0,0,0,0,0,0,0,0
W325,2010,0,0,0,0,0,0,0,0,0,0,0,0,0.016462449,0,0,0,0,0,0,0,0,0,0,0,0,0,0,0
W352,2010,0,0,0,0,0,0,0,0,0,0,0,0,0.022430021,0,0,0,0,0,0,0,0,0,0,0,0,0,0,0
W354,2010,0,0,0,0,0,0,0,0,0,0,0,0,0,0,0,0,0,0,0,0,0,0,0,0,0,0,0,0
W353,2010,0,0,0,0,0,0,0,0,0,0,0,0,0,0,0,0,0,0,0,0,0,0,0,0,0,0,0,0
W382,2010,0,0,0,0,0,0,0,0,0,0,0,0,0.018413707,0,0,0,0,0,0,0,0,0,0,0,0,0,0,0
W383,2010,0,0,0,0,0,0,0,0,0,0,0,0,0,0,0,0,0,0,0,0,0,0,0,0,0,0,0,0
W384,2010,0,0,0,0,0,0,0,0,0,0,0,0,0,0,0,0,0,0,0,0,0,0,0,0,0,0,0,0
W923,2010,0,0,0.031076957,0,0,0,0,0,0,0,0,0,0.001666338,0,0,0.007351511,0,0,0.003981418,0,0,0,0,0,0,0,0,0
W924,2010,0,0,0,0,0,0,0,0,0,0.017383199,0,0,0.000276329,0.017502863,0,0,0.022741711,0,0.323518055,0,0,0,0,0,0,0,0,0
W890,2010,0,0,0.02465512,0,0,0,0,0,0,0,0,0,0.016809039,0.022541317,0,0.015062276,0.04653194,0,0.016734233,0,0,0,0,0,0,0,0,0
W925,2010,0,0,0,0,0,0,0,0,0.017555694,0,0,0,0.016449614,0,0,0,0,0,0,0,0,0,0,0,0,0,0,0
W957,2010,0,0,0.116204025,0,0,0,0,0,0.011817601,0.013754355,0,0,0.000658424,0.015203725,0,0.008498269,0.024954803,0,0.373508792,0,0,0,0,0,0,0,0,0
W892,2010,0,0,0,0,0,0,0,0,0.025117615,0,0,0,0,0,0,0,0,0,0.845125056,0,0,0,0,0,0,0,0,0
W891,2010,0,0,0,0,0,0,0,0,0,0,0,0,0.003547869,0,0,0,0,0,0.462072327,0,0,0,0,0,0,0,0,0
OG-ABMI-390-1,2011,0,0,0,0,0,0,0,0,0.027763246,0,0,0,0.074539707,0,0,0,0,0,0,0,0,0,0,0,0,0,0,0
OG-ABMI-469-1,2011,0,0,0,0,0,0,0,0,0.062853724,0,0,0,0.027788564,0.061229097,0,0,0,0,0,0,0,0,0,0,0,0,0,0
OG-ABMI-527-1,2011,0,0,0,0.038731155,0,0,0,0,0.034305765,0,0,0,0.026151323,0.000295832,0,0.01367421,0,0,0,0,0,0,0,0,0,0,0,0
OG-ABMI-637-1,2011,0,0,0,0,0,0,0,0,0,0,0,0,0,0,0,0,0,0,0,0,0,0,0,0,0,0,0,0.405409924
OG-ABMI-662-1,2011,0,0,0,0,0,0.013514449,0,0,0.06864303,0.040985257,0,0,0.013196684,0.037105179,0,0.001677927,0,0,0,0,0,0,0,0.014303353,0,0,0,0
OG-ABMI-718-1,2011,0,0,0,0,0,0,0,0,0.008678785,0.06608394,0,0,0.0263639,0.064620639,0,0,0,0,0,0,0,0,0,0,0,0,0,0
OG-ABMI-754-1,2011,0,0,0,0,0,0,0,0,0,0,0,0,0.001868917,0,0,0,0,0,0,0,0,0,0,0,0,0,0,0.600171129
OG-ABMI-760-1,2011,0,0,0,0,0,0,0,0,0,0,0,0,0.00239588,0,0,0,0,0,0,0,0,0,0,0,0,0,0,0.513676279
OG-ABMI-829-1,2011,0,0,0,0.080831093,0,0.199784144,0,0,0.112419394,0.089789206,0,0,0.011646495,0.022295621,0,0.006692355,0,0,0,0,0,0,0,0,0,0,0,0
OG-ABMI-1053-1,2011,0,0,0,0,0,0,0,0,0,0,0,0,0,0,0,0,0,0,0,0,0,0,0,0,0,0,0,0
OG-ABMI-1119-1,2011,0,0,0,0,0,0,0,0,0,0,0,0,0.001974439,0,0,0,0,0,0,0,0,0,0,0,0,0,0,0
W33,2011,0,0,0,0,0,0,0,0,0,0,0,0,0,0,0,0,0,0,0,0,0,0,0,0,0,0,0,0
W63,2011,0,0,0,0,0,0,0,0,0,0,0,0,0,0,0,0,0,0,0,0,0,0,0,0,0,0,0,0
W91,2011,0,0,0,0,0,0,0,0,0,0,0,0,0,0,0,0,0,0,0,0,0,0,0,0,0,0,0,0
W120,2011,0,0,0,0,0,0,0,0,0,0,0,0,0,0,0,0,0,0,0,0,0,0,0,0,0,0,0,0
W332,2011,0,0,0,0,0,0,0,0,0,0,0,0,0,0,0,0,0,0,0,0,0,0,0,0,0,0,0,0
W361,2011,0,0,0,0,0,0,0,0,0,0,0,0,0,0,0,0,0,0,0,0,0,0,0,0,0,0,0,0
W362,2011,0,0,0,0,0,0,0,0,0,0,0,0,0,0,0,0,0,0,0,0,0,0,0,0,0,0,0,0
W391,2011,0,0,0,0,0,0,0,0,0,0,0,0,0.009063245,0,0,0,0,0,0,0,0,0,0,0,0,0,0,0
W392,2011,0,0,0,0,0,0,0,0,0,0,0,0,0.002083259,0,0,0,0,0,0,0,0,0,0,0,0,0,0,0
W415,2011,0,0,0,0,0,0,0,0,0,0,0,0,0.007602218,0,0,0,0,0,0,0,0,0,0,0,0,0,0,0
W416,2011,0,0,0,0,0,0,0,0,0,0,0,0,0.003978842,0,0,0,0,0,0,0,0,0,0,0,0,0,0,0
W422,2011,0,0,0,0,0,0,0,0,0,0,0,0,0.012991568,0,0,0,0,0,0,0,0,0,0,0,0,0,0,0
W445,2011,0,0,0,0,0,0,0,0,0,0,0,0,0.005764311,0,0,0,0,0,0,0,0,0,0,0,0,0,0,0
W446,2011,0,0,0,0,0,0,0,0,0,0,0,0,0.018474353,0,0,0,0,0,0,0,0,0,0,0,0,0,0,0
W451,2011,0,0,0,0,0,0,0,0,0,0,0,0,0,0,0,0,0,0,0,0,0,0,0,0,0,0,0,0
W452,2011,0,0,0,0,0,0,0,0,0,0,0,0,0,0,0,0,0,0,0,0,0,0,0,0,0,0,0,0
W475,2011,0,0,0,0,0,0,0,0,0,0,0,0,0.003099675,0,0,0,0,0,0,0,0,0,0,0,0,0,0,0
W476,2011,0,0,0,0,0,0,0,0,0,0,0,0,0.002870916,0,0,0,0,0,0,0,0,0,0,0,0,0,0,0
W481,2011,0,0,0,0,0,0,0,0,0,0,0,0,0,0,0,0,0,0,0,0,0,0,0,0,0,0,0,0
W482,2011,0,0,0,0,0,0,0,0,0,0,0,0,0,0,0,0,0,0,0,0,0,0,0,0,0,0,0,0
W483,2011,0,0,0,0,0,0,0,0,0,0,0,0,0,0,0,0,0,0,0,0,0,0,0,0,0,0,0,0
W604,2011,0,0,0,0,0,0,0,0,0.028195967,0.043808634,0,0,0,0,0,0,0,0,0,0,0,0,0,0,0,0,0,0
W608,2011,0,0,0,0,0,0,0,0,0,0,0,0,0,0,0,0,0,0,0,0,0,0,0,0,0,0,0,0
W640,2011,0,0,0,0,0,0,0,0,0,0,0,0,0.007092228,0,0,0,0,0,0,0,0,0,0,0,0,0,0,0
W672,2011,0,0,0,0,0,0,0,0,0,0,0,0,0,0,0,0,0,0,0,0,0,0,0,0,0,0,0,0
W956,2011,0,0,0.059499885,0,0,0,0,0,0,0,0,0,0,0.024254801,0,0,0,0,0.794917181,0,0,0,0,0,0,0,0,0
W958,2011,0,0,0,0,0,0,0,0,0.019323753,0,0,0,0.025200944,0,0,0,0,0,0.00523338,0,0,0,0,0,0,0,0,0
W983,2011,0,0,0,0,0,0.045138196,0,0,0,0,0,0,0,0.022080398,0,0.011014247,0,0,0.261469294,0,0,0,0,0,0,0,0,0
W984,2011,0,0,0.032024086,0,0,0.004224471,0,0,0.001836113,0,0,0,0,0.051534229,0.002538074,0,0,0,0.029647412,0,0.372967371,0,0,0.003117813,0,0,0,0
W985,2011,0,0,0.111318143,0,0,0.46483053,0,0,0,0,0,0,0,0.032212626,0,0.02785506,0,0,0.255834161,0,0,0,0,0,0,0.016144292,0.066333413,0
W989,2011,0,0,0,0,0,0.572978415,0,0,0,0,0,0,0,0.01908323,0,0.003612188,0,0,0.226993067,0,0,0,0,0,0,0,0,0
W990,2011,0,0,0,0,0,0,0,0,0,0.023054939,0,0,0,0,0,0,0,0,0.271845842,0,0,0,0,0,0,0,0,0
W991,2011,0,0,0.001338136,0,0,0,0,0,0,0,0,0,0.028751011,0,0,0,0,0,0,0,0.039098825,0,0,0,0,0,0,0
W1018,2011,0,0,0,0,0,0,0.244743758,0,0,0,0,0,0,0.044960396,0,0,0,0,0.167325459,0,0,0,0,0.065939679,0,0,0,0
W1022,2011,0,0,0.014391626,0,0,0.072696654,0.043776157,0,0,0,0,0,0,0.005472594,0,0.008356625,0,0,0.421523857,0,0,0,0,0,0,0,0,0
W1023,2011,0,0,0.000529166,0,0,0.006200909,0,0,0,0,0,0,0,0.027803568,0,0,0,0,0.58157712,0,0,0,0,0,0,0,0,0
W1024,2011,0,0,0.09753356,0,0,0.011147178,0,0,0,0,0,0,0,0.058187354,0,0.004476886,0,0,0.49572162,0,0,0,0,0.003328806,0,0,0,0
OG-ABMI-485-1,2012,0,0,0,0.031239403,0,0,0,0,0,0.167006133,0,0,0.043239489,0.015862004,0,0.001980191,0,0,0,0,0,0,0,0,0,0,0,0
OG-ABMI-543-1,2012,0,0,0,0.186408531,0,0,0,0,0.043902597,0.014385518,0,0,0.011052153,0,0,0.006012856,0,0,0,0,0,0,0,0,0,0,0,0.259527088
OG-ABMI-580-1,2012,0,0,0,0,0,0,0,0,0,0,0,0,0.005848384,0,0,0,0,0,0,0,0,0,0,0,0,0,0,0.35334016
OG-ABMI-583-1,2012,0,0,0,0,0,0,0,0,0,0,0,0,0.011998295,0,0,0,0,0,0,0,0,0,0,0,0,0,0,0.323591685
OG-ABMI-629-1,2012,0,0,0,0.00017803,0,0,0,0,0.035680609,0.046848191,0,0,0.012306991,0.021192952,0,0,0,0,0,0,0,0,0,0,0,0,0,0.077546039
OG-ABMI-652-1,2012,0,0,0,0,0,0,0,0,0.001134412,0,0,0,0.00373077,0,0,0,0,0,0,0,0,0,0,0,0,0,0,0.553448858
OG-ABMI-685-1,2012,0,0,0,0,0,0,0.245468714,0,0,0,0,0,0.00724212,0.015954888,0,0.01494923,0,0,0,0,0,0,0,0,0,0,0,0
OG-ABMI-701-1,2012,0,0,0,0.32809443,0,0,0,0,0,0,0,0,0.010196968,0.001896123,0,0.013907652,0,0,0,0,0,0,0,0,0,0,0,0
OG-ABMI-747-1,2012,0,0,0,0,0,0,0,0,0.009044965,0,0,0,0.017959851,0,0,0,0,0,0,0,0,0,0,0,0,0,0,0.176751659
W135,2012,0,0,0,0,0,0,0,0,0,0,0,0,0.002960558,0,0,0,0,0,0,0,0,0,0,0,0,0,0,0
W136,2012,0,0,0,0,0,0,0,0,0,0,0,0,0,0,0,0,0,0,0,0,0,0,0,0,0,0,0,0
W153,2012,0,0,0,0,0,0,0,0,0,0,0,0,0,0,0,0,0,0,0,0,0,0,0,0,0,0,0,0
W154,2012,0,0,0,0,0,0,0,0,0,0,0,0,0,0,0,0,0,0,0,0,0,0,0,0,0,0,0,0
W163,2012,0,0,0,0,0,0,0,0,0,0,0,0,0.01268926,0,0,0,0,0,0,0,0,0,0,0,0,0,0,0
W164,2012,0,0,0,0,0,0,0,0,0,0,0,0,0.018219765,0,0,0,0,0,0,0,0,0,0,0,0,0,0,0
W165,2012,0,0,0,0,0,0,0,0,0,0,0,0,0,0,0,0,0,0,0,0,0,0,0,0,0,0,0,0
W181,2012,0,0,0,0,0,0,0,0,0,0,0,0,0,0,0,0,0,0,0,0,0,0,0,0,0,0,0,0
W182,2012,0,0,0,0,0,0,0,0,0,0,0,0,0,0,0,0,0,0,0,0,0,0,0,0,0,0,0,0
W183,2012,0,0,0,0,0,0,0,0,0,0,0,0,0,0,0,0,0,0,0,0,0,0,0,0,0,0,0,0
W192,2012,0,0,0,0,0,0,0,0,0,0,0,0,0.012984511,0,0,0,0,0,0,0,0,0,0,0,0,0,0,0
W193,2012,0,0,0,0,0,0,0,0,0,0,0,0,0.010291378,0,0,0,0,0,0,0,0,0,0,0,0,0,0,0
W210,2012,0,0,0,0,0,0,0,0,0,0,0,0,0,0.009342997,0,0,0,0,0,0,0,0,0,0,0,0,0,0
W211,2012,0,0,0,0,0,0,0,0,0,0,0,0,0,0,0,0,0,0,0,0,0,0,0,0,0,0,0,0
W212,2012,0,0,0,0,0,0,0,0,0,0,0,0,0,0,0,0.007180679,0,0,0,0,0,0,0,0,0,0,0,0
W240,2012,0,0,0,0,0,0,0,0,0,0,0,0,0,0,0,0,0,0,0,0,0,0,0,0,0,0,0,0
W241,2012,0,0,0,0,0,0,0,0,0,0,0,0,0,0,0,0.000334087,0,0,0,0,0,0,0,0,0,0,0,0
W242,2012,0,0,0,0,0,0,0,0,0,0,0,0,0,0,0,0,0,0,0,0,0,0,0,0,0,0,0,0
W270,2012,0,0,0,0,0,0,0,0,0,0,0,0,0,0,0,0,0,0,0,0,0,0,0,0,0,0,0,0
W271,2012,0,0,0,0,0,0,0,0,0,0,0,0,0,0,0,0,0,0,0,0,0,0,0,0,0,0,0,0
W272,2012,0,0,0,0,0,0,0,0,0,0,0,0,0,0,0,0,0,0,0,0,0,0,0,0,0,0,0,0
W300,2012,0,0,0,0,0,0,0,0,0,0,0,0,0,0,0,0,0,0,0,0,0,0,0,0,0,0,0,0
W301,2012,0,0,0,0,0,0,0,0,0,0,0,0,0,0,0,0,0,0,0,0,0,0,0,0,0,0,0,0
W35,2012,0,0,0,0,0,0,0,0,0,0,0,0,0,0,0,0,0,0,0,0,0,0,0,0,0,0,0,0
W398,2012,0,0,0,0,0,0,0,0,0,0,0,0,0,0,0,0,0,0,0,0,0,0,0,0,0,0,0,0
W399,2012,0,0,0,0,0,0,0,0,0,0,0,0,0,0.04697129,0,0,0,0,0,0,0,0,0,0,0,0,0,0.228768202
W417,2012,0,0,0,0,0,0,0,0,0.016972621,0,0,0,0.022874929,0,0,0,0,0,0,0,0,0,0,0,0,0,0,0
W421,2012,0,0,0,0,0,0,0,0,0,0,0,0,0,0,0,0,0,0,0,0,0,0,0,0,0,0,0,0
W427,2012,0,0,0,0,0,0,0,0,0,0,0,0,0.03407859,0,0,0,0,0,0,0,0,0,0,0,0,0,0,0
W428,2012,0,0,0,0,0,0,0,0,0,0,0,0,0.027530875,0,0,0,0,0,0,0,0,0,0,0,0,0,0,0
W429,2012,0,0,0,0,0,0,0,0,0,0,0,0,0.005689225,0,0,0,0,0,0,0,0,0,0,0,0,0,0,0
W447,2012,0,0,0,0,0,0,0,0,0.002543075,0,0,0,0.014646691,0,0,0.000700733,0,0,0,0,0,0,0,0,0,0,0,0
W457,2012,0,0,0,0.002262979,0,0,0,0,0,0,0,0,0.04998314,0,0,0,0,0,0,0,0,0,0,0,0,0,0,0
W458,2012,0,0,0,0,0,0,0,0,0,0,0,0,0,0,0,0,0,0,0,0,0,0,0,0,0,0,0,0
W459,2012,0,0,0,0,0,0,0,0,0,0,0,0,0.018012234,0,0,0,0,0,0,0,0,0,0,0,0,0,0,0
W477,2012,0,0,0,0,0,0,0,0,0,0,0,0,0,0,0,0,0,0,0,0,0,0,0,0,0,0,0,0
W491,2012,0,0,0,0,0,0,0,0,0,0,0.013502772,0,0,0,0,0,0,0,0,0,0,0,0,0,0,0,0,0
W492,2012,0,0,0,0,0,0,0,0,0,0,0,0,0.001503903,0,0,0,0,0,0,0,0,0,0,0,0,0,0,0
W493,2012,0,0,0,0,0,0,0,0,0,0,0,0,0,0,0,0,0,0,0,0,0,0,0,0,0,0,0,0
W522,2012,0,0,0.050558549,0,0,0,0,0,0,0,0,0,0.01414232,0.0047452,0,0.022404958,0,0,0.259700262,0,0,0,0,0,0,0,0,0
W523,2012,0,0,0,0,0,0,0,0,0,0,0,0,0,0,0,0,0,0,0,0,0,0,0,0,0,0,0,0
W553,2012,0,0,0,0,0,0,0,0,0,0,0,0,0,0,0,0,0,0,0,0,0,0,0,0,0,0,0,0.502248334
W554,2012,0,0,0,0,0,0,0,0,0,0,0,0,0.026307634,0,0,0,0,0,0,0,0,0,0,0,0,0,0,0
W555,2012,0,0,0,0,0,0,0,0,0,0,0.10097212,0,0.00513819,0.054013861,0,0,0,0,0,0,0,0,0,0,0,0,0,0.077103671
W578,2012,0,0,0,0,0,0,0,0,0,0,0,0,0.023821134,0,0,0,0,0,0,0,0,0,0,0,0,0,0,0
W579,2012,0,0,0,0,0,0,0,0,0.034810814,0,0,0,0.02696141,0,0,0,0,0,0,0,0,0,0,0,0,0,0,0
W580,2012,0,0,0,0,0,0,0,0,0,0,0,0,0.030935811,0,0,0,0,0,0,0,0,0,0,0,0,0,0,0
W602,2012,0,0,0,0,0,0,0,0,0,0.02384409,0,0,0.007164428,0,0,0,0,0,0,0,0,0,0,0,0,0,0,0
W603,2012,0,0,0,0,0,0,0,0,0,0,0,0,0.004836423,0,0,0,0,0,0,0,0,0,0,0,0,0,0,0
W605,2012,0,0,0,0,0,0,0,0,0,0,0,0,0.029143291,0,0,0,0,0,0,0,0,0,0,0,0,0,0,0
W606,2012,0,0,0,0,0,0,0,0,0,0,0,0,0.02091103,0,0,0,0,0,0,0,0,0,0,0,0,0,0,0
W607,2012,0,0,0,0,0,0,0,0,0,0,0,0,0,0,0,0,0,0,0,0,0,0,0,0,0,0,0,0.076055443
W610,2012,0,0,0,0,0,0,0,0,0,0,0,0,0.011704563,0.019307627,0,0.019133056,0,0,0,0,0,0,0,0,0,0,0,0.110150243
W611,2012,0,0,0,0,0,0,0,0,0.004702494,0,0,0,0,0,0,0.028459767,0,0,0,0,0,0,0,0,0,0,0,0.19396631
W612,2012,0,0,0,0,0,0,0,0,0,0,0,0,0.042730226,0,0,0,0,0,0,0,0,0,0,0,0,0,0,0
W634,2012,0,0,0,0,0,0,0,0,0.021587189,0,0,0,0.017322228,0,0,0,0,0,0,0,0,0,0,0,0,0,0,0
W635,2012,0,0,0,0,0,0,0,0,0,0,0,0,0.007705788,0,0,0,0,0,0,0,0,0,0,0,0,0,0,0
W636,2012,0,0,0,0,0,0,0,0,0,0,0,0,0.018814752,0,0,0,0,0,0,0,0,0,0,0,0,0,0,0
W638,2012,0,0,0,0,0,0,0,0,0,0,0,0,0.030150946,0,0,0,0,0,0,0,0,0,0,0,0,0,0,0
W642,2012,0,0,0,0,0,0,0,0,0,0,0,0,0.00917447,0,0,0,0,0,0.309474394,0,0,0,0,0,0,0,0,0
W643,2012,0,0,0,0,0,0,0,0,0,0,0,0,0.032376923,0,0,0,0,0,0,0,0,0,0,0,0,0,0,0
W644,2012,0,0,0,0,0,0,0,0,0,0,0,0,0.037216662,0,0,0,0,0,0,0,0,0,0,0,0,0,0,0
W666,2012,0,0,0,0,0,0,0,0,0.024820752,0,0,0,0.025946608,0,0,0,0,0,0,0,0,0,0,0,0,0,0,0.09757359
W667,2012,0,0,0,0,0,0,0,0,0.004975616,0.045315164,0,0,0.002276203,0,0,0,0,0,0,0,0,0,0,0,0,0,0,0.061959256
W668,2012,0,0,0,0,0,0,0,0,0.004299174,0.028346504,0,0,0.002749593,0,0,0,0,0,0,0,0,0,0,0,0,0,0,0.164492428
W671,2012,0,0,0,0,0,0,0,0,0,0,0,0,0.059455788,0,0,0,0,0,0,0,0,0,0,0,0,0,0,0
W673,2012,0,0,0,0,0,0,0,0,0,0,0,0,0.009968168,0,0,0.024022829,0,0,0,0,0,0,0,0,0,0,0,0
W674,2012,0,0,0,0,0,0,0,0,0,0,0,0,0.011075293,0,0,0,0,0,0,0,0,0,0,0,0,0,0,0
W675,2012,0,0,0,0,0,0,0,0,0.021384814,0.031460528,0,0,0.026292454,0,0,0,0,0,0,0,0,0,0,0,0,0,0,0
W704,2012,0,0,0.238825849,0,0,0,0,0,0.016262184,0,0,0,0,0,0,0.00615438,0,0,0.517812893,0,0,0,0.081718442,0,0,0,0,0
W705,2012,0,0,0,0,0,0,0,0,0,0,0,0,0.033661429,0,0,0,0,0,0.085102625,0,0,0,0,0,0,0,0,0
W706,2012,0,0,0,0,0,0,0,0,0,0,0,0,0.009089383,0,0,0,0,0,0,0,0,0,0,0,0,0,0,0.437084392
W737,2012,0,0,0.015278457,0,0,0.211973192,0,0,0,0,0,0,0.009460167,0.016627282,0,0.015136394,0,0,0.033025444,0,0,0,0,0,0,0,0,0
W794,2012,0,0,0,0,0,0,0,0,0.014160019,0,0,0,0.022684197,0,0,0,0,0,0,0,0,0,0,0,0,0,0,0.084431814
W826,2012,0,0,0,0,0,0,0,0,0,0,0,0,0.007483307,0,0,0,0,0,0,0,0,0,0,0,0,0,0,0
W828,2012,0,0,0,0,0,0,0,0,0,0,0,0,0.01062724,0,0,0,0,0,0,0,0,0,0,0,0,0,0,0
W829,2012,0,0,0,0,0,0,0,0,0.099871711,0.01020285,0,0,0,0.016120694,0,0.001150459,0,0,0,0,0,0,0,0,0,0,0,0
W858,2012,0,0,0,0,0,0,0,0,0,0.031763204,0,0,0.008548535,0,0,0,0,0,0,0,0,0,0,0,0,0,0,0
W859,2012,0,0,0,0,0,0,0,0,0,0,0,0,0.009038602,0,0,0,0,0,0,0,0,0,0,0,0,0,0,0
W860,2012,0,0,0,0,0,0,0,0,0,0,0,0,0.037832893,0,0,0,0,0,0.182975259,0,0,0,0,0,0,0,0,0
W861,2012,0,0,0.065500036,0,0,0,0,0,0,0,0,0,0,0.021814178,0,0.003649374,0,0,0.883485619,0,0,0,0.01199878,0,0,0,0,0
OG-ABMI-448-1,2013,0,0,0,0.234463696,0,0.274649934,0.376137478,0,0,0,0,0,0,0.052601845,0,0.048217107,0,0,0,0,0,0,0,0,0,0,0,0
OG-ABMI-531-1,2013,0,0,0,0,0,0,0,0,0.030775582,0.026516206,0,0,0.063167898,0.014665418,0,0.00079344,0.026393569,0,0,0,0,0,0,0.002344504,0,0,0,0
OG-ABMI-128-1,2013,0,0,0,0,0,0.008014546,0,0,0.063668712,0.021558569,0,0,0.125177042,0.008181178,0,0.018601526,0.014988109,0,0,0,0,0,0,0.005815465,0,0,0,0
OG-ABMI-276-1,2013,0,0,0,0.002798571,0,0.023893357,0,0,0.113013332,0.150741423,0,0,0.047354682,0.061118486,0,0.008090064,0.112092462,0,0,0,0,0,0,0.009443255,0,0,0,0
OG-ABMI-559-1,2013,0,0,0,0,0,0,0,0,0.089219908,0.024450442,0,0,0.025907807,0.030214812,0,0,0.053523099,0,0,0,0,0,0,0,0,0,0,0
OG-ABMI-560-1,2013,0,0,0,0,0,0.243297651,0,0,0.029335556,0.000848738,0,0,0.026559476,0.032296024,0,0,0.066786629,0,0,0,0,0,0,0.010594074,0,0,0,0
OG-ABMI-580-2,2013,0,0,0,0.060091407,0,0,0,0,0.026851303,0,0,0,0.00826668,0.02222341,0,0,0.039920868,0,0,0,0,0,0,0,0,0,0,0
OG-ABMI-572-1,2013,0,0,0,0,0,0,0.060336373,0,0.044985759,0.132796684,0,0,0.067710943,0,0,0,0,0,0,0,0,0,0,0,0,0,0,0
OG-ABMI-636-1,2013,0,0,0,0,0,0,0,0,0.073427048,0.030447313,0,0,0.037199155,0,0,0,0,0,0,0,0,0,0,0.007372187,0,0,0,0
OG-ABMI-714-1,2013,0,0,0,0,0,0.017687728,0,0,0.150639775,0.067200165,0,0,0.049442871,0,0,0.05709208,0,0,0,0,0,0,0,0.006086517,0,0,0,0
OG-ABMI-717-1,2013,0,0,0,0.025371152,0,0,0,0,0.050078971,0.065702015,0,0,0.035879662,0.035501371,0,0.004592064,0.063850647,0,0,0,0,0,0,0,0,0,0,0
OG-ABMI-732-1,2013,0,0,0,0.132022513,0,0.031754533,0,0,0.046625612,0.004404034,0,0,0.050434459,0.005230305,0,0,0.0088359,0,0,0,0,0,0,0,0,0,0,0
OG-ABMI-828-1,2013,0,0,0,0.011602803,0,0.020982152,0,0,0.119188746,0.102521971,0,0,0.017447622,0,0,0.036185327,0,0,0,0,0,0,0,0,0,0,0,0
OG-ABMI-841-1,2013,0,0,0,0.058733407,0,0.029040213,0,0,0.05329421,0.084848219,0,0,0.021934901,0.029319382,0,0.020158399,0.051634455,0,0,0,0,0,0,0.00780749,0,0,0,0
W213,2013,0,0,0,0,0,0,0,0,0,0,0,0,0,0,0,0,0,0,0,0,0,0,0,0,0,0,0,0
W237,2013,0,0,0,0,0,0,0,0,0,0,0,0,0,0,0,0,0,0,0,0,0,0,0,0,0,0,0,0
W238,2013,0,0,0,0,0,0,0,0,0,0,0,0,0,0,0,0,0,0,0,0,0,0,0,0,0,0,0,0
W239,2013,0,0,0,0,0,0,0,0,0,0,0,0,0,0,0,0,0,0,0,0,0,0,0,0,0,0,0,0
W267,2013,0,0,0,0,0,0,0,0,0,0,0,0,0,0,0,0,0,0,0,0,0,0,0,0,0,0,0,0
W268,2013,0,0,0,0,0,0,0,0,0,0,0,0,0,0,0,0,0,0,0,0,0,0,0,0,0,0,0,0
W269,2013,0,0,0,0,0,0,0,0,0,0,0,0,0,0,0,0,0,0,0,0,0,0,0,0,0,0,0,0
W297,2013,0,0,0,0,0,0,0,0,0,0,0,0,0,0,0,0,0,0,0,0,0,0,0,0,0,0,0,0
W298,2013,0,0,0,0,0,0,0,0,0,0,0,0,0,0,0,0,0,0,0,0,0,0,0,0,0,0,0,0
W299,2013,0,0,0,0,0,0,0,0,0,0,0,0,0,0,0,0,0,0,0,0,0,0,0,0,0,0,0,0
W420,2013,0,0,0,0,0,0,0,0,0,0,0,0,0.010580198,0,0,0,0,0,0,0,0,0,0,0,0,0,0,0
W449,2013,0,0,0,0,0,0,0,0,0,0,0,0,0.007176772,0,0,0,0,0,0,0,0,0,0,0,0,0,0,0
W450,2013,0,0,0,0,0,0,0,0,0.007136474,0,0,0,0.005338828,0,0,0,0,0,0,0,0,0,0,0,0,0,0,0
W478,2013,0,0,0,0,0,0,0,0,0,0,0,0,0.001015026,0.013394754,0,0,0.024063866,0,0,0,0,0,0,0,0,0,0,0
W479,2013,0,0,0,0,0,0,0,0,0,0,0,0,0.001987579,0,0,0,0,0,0,0,0,0,0,0,0,0,0,0
W480,2013,0,0,0,0,0,0,0,0,0,0,0,0,0,0,0,0,0,0,0,0,0,0,0,0,0,0,0,0
W625,2013,0,0,0,0,0,0,0,0,0,0,0,0,0.014258662,0,0,0,0,0,0,0,0,0,0,0,0,0,0,0
W626,2013,0,0,0,0,0,0,0,0,0,0,0,0,0.008665663,0,0,0,0,0,0,0,0,0,0,0,0,0,0,0.196703545
W637,2013,0,0,0,0,0,0,0,0,0.017014489,0.029627367,0,0,0.014503213,0,0,0,0,0,0,0,0,0,0,0.000212537,0,0,0,0
W669,2013,0,0,0,0,0,0,0,0,0,0,0.009739409,0,0,0,0,0,0,0,0,0,0,0,0,0,0,0,0,0
W670,2013,0,0,0,0.009891769,0,0,0,0,0,0,0,0,0.061614658,0,0,0,0,0,0,0,0,0,0,0,0,0,0,0
W691,2013,0,0,0,0,0,0,0,0,0,0,0,0,0.019435906,0,0,0,0,0,0,0,0,0,0,0,0,0,0,0
W692,2013,0,0,0,0,0,0,0,0,0,0,0,0,0.029673594,0,0,0,0,0,0,0,0,0,0,0,0,0,0,0
W693,2013,0,0,0,0.026170953,0,0,0,0,0,0.037827405,0,0,0.014807591,0.033579812,0,0,0.048395119,0,0,0,0,0,0,0.026716768,0,0,0,0.320019063
W696,2013,0,0,0,0,0,0,0,0,0,0.039043485,0,0,0,0,0,0,0,0,0,0,0,0,0,0,0,0,0,0.185319679
W724,2013,0,0,0,0,0,0,0,0,0,0.006852684,0,0,0.029204213,0,0,0,0,0,0,0,0,0,0,0,0,0,0,0
W725,2013,0,0,0,0,0,0,0,0,0,0,0,0,0.035647937,0,0,0,0,0,0,0,0,0,0,0,0,0,0,0
W727,2013,0,0,0,0.096830705,0,0.150856231,0,0,0,0,0,0,0.004443175,0.064842837,0,0.032689856,0.091717472,0,0,0,0,0,0,0.013204023,0,0,0,0
W753,2013,0,0,0,0.029629127,0,0.007314851,0,0,0.0001147,0.053724231,0,0,0.021703586,0.022159192,0,0,0.039801468,0,0,0,0,0,0,0,0,0,0,0.157062941
W754,2013,0,0,0,0,0,0,0,0,0,0,0,0,0.002824185,0,0,0,0,0,0,0,0,0,0,0,0,0,0,0
W755,2013,0,0,0,0.000579394,0,0,0,0,0,0,0,0,0.021999692,0,0,0,0,0,0,0,0,0,0,0,0,0,0,0
W757,2013,0,0,0,0,0,0,0,0,0.039837815,0.007122723,0,0,0.04354529,0,0,0,0,0,0,0,0,0,0,0,0,0,0,0
W758,2013,0,0,0,0,0,0,0,0,0,0,0,0,0.020377257,0,0,0,0,0,0,0,0,0,0,0,0,0,0,0
W830,2013,0,0,0,0,0,0,0,0,0,0,0,0,0,0.015888026,0,0,0.038977021,0,0,0,0,0,0,0,0,0,0,0
W54,2013,0,0,0,0,0,0,0,0,0,0,0,0,0,0,0,0,0,0,0,0,0,0,0,0,0,0,0,0
W55,2013,0,0,0,0,0,0,0,0,0,0,0,0,0,0,0,0,0,0,0,0,0,0,0,0,0,0,0,0
W56,2013,0,0,0,0,0,0,0,0,0,0,0,0,0,0,0,0,0,0,0,0,0,0,0,0,0,0,0,0
W82,2013,0,0,0,0,0,0,0,0,0,0,0,0,0,0,0,0,0,0,0,0,0,0,0,0,0,0,0,0
W83,2013,0,0,0,0,0,0,0,0,0,0,0,0,0,0,0,0,0,0,0,0,0,0,0,0,0,0,0,0
W111,2013,0,0,0,0,0,0,0,0,0,0,0,0,0,0,0,0,0,0,0,0,0,0,0,0,0,0,0,0
W112,2013,0,0,0,0,0,0,0,0,0,0,0,0,0,0,0,0,0,0,0,0,0,0,0,0,0,0,0,0
W134,2013,0,0,0,0,0,0,0,0,0,0,0,0,0.002257849,0,0,0,0,0,0,0,0,0,0,0,0,0,0,0
W113,2013,0,0,0,0,0,0,0,0,0,0,0,0,0,0,0,0,0,0,0,0,0,0,0,0,0,0,0,0
W194,2013,0,0,0,0,0,0,0,0,0,0,0,0,0.001049316,0,0,0,0,0,0,0,0,0,0,0,0,0,0,0
W231,2013,0,0,0,0,0,0,0,0,0,0,0,0,0,0,0,0,0,0,0,0,0,0,0,0,0,0,0,0
W232,2013,0,0,0,0,0,0,0,0,0,0,0,0,0,0,0,0,0,0,0,0,0,0,0,0,0,0,0,0
W233,2013,0,0,0,0,0,0,0,0,0,0,0,0,0,0,0,0,0,0,0,0,0,0,0,0,0,0,0,0
W261,2013,0,0,0,0,0,0,0,0,0,0,0,0,0,0,0,0,0,0,0,0,0,0,0,0,0,0,0,0
W262,2013,0,0,0,0,0,0,0,0,0,0,0,0,0,0,0,0,0,0,0,0,0,0,0,0,0,0,0,0
W263,2013,0,0,0,0,0,0,0,0,0,0,0,0,0,0,0,0,0,0,0,0,0,0,0,0,0,0,0,0
W291,2013,0,0,0,0,0,0,0,0,0,0,0,0,0.002218072,0,0,0,0,0,0,0,0,0,0,0,0,0,0,0
W292,2013,0,0,0,0,0,0,0,0,0,0,0,0,0,0,0,0,0,0,0,0,0,0,0,0,0,0,0,0
W293,2013,0,0,0,0,0,0,0,0,0,0,0,0,0,0,0,0,0,0,0,0,0,0,0,0,0,0,0,0
W406,2013,0,0,0,0,0,0,0,0,0,0,0,0,0,0,0,0,0,0,0,0,0,0,0,0,0,0,0,0
W407,2013,0,0,0,0,0,0,0,0,0,0,0,0,0,0,0,0,0,0,0,0,0,0,0,0,0,0,0,0
W408,2013,0,0,0,0,0,0,0,0,0,0.030970552,0,0,0.015174524,0,0,0,0,0,0,0,0,0,0,0,0,0,0,0.003035494
W436,2013,0,0,0,0.002062925,0,0,0,0,0,0,0,0,0.016846333,0.023782098,0,0.000954819,0.050879638,0,0,0,0,0,0,0,0,0,0,0
W437,2013,0,0,0,0,0,0,0,0,0,0,0,0,0.01525259,0,0,0,0,0,0,0,0,0,0,0,0,0,0,0
W438,2013,0,0,0,0,0,0,0,0,0,0,0,0,0.038328991,0,0,0,0,0,0,0,0,0,0,0.001344755,0,0,0,0
W466,2013,0,0,0,0,0,0,0,0,0,0,0,0,0.02600437,0,0,0,0,0,0,0,0,0,0,0,0,0,0,0
W467,2013,0,0,0,0,0,0,0,0,0,0,0,0,0.012345709,0,0,0,0,0,0,0,0,0,0,0,0,0,0,0.121985527
W468,2013,0,0,0,0,0,0,0,0,0,0,0,0,0.028618028,0,0,0,0,0,0,0,0,0,0,0,0,0,0,0.124723468
W588,2013,0,0,0,0,0,0,0,0,0,0,0,0,0.020948004,0,0,0,0,0,0,0,0,0,0,0,0,0,0,0
W589,2013,0,0,0,0,0,0,0,0,0,0,0,0,0.030331176,0,0,0,0,0,0,0,0,0,0,0,0,0,0,0
W619,2013,0,0,0,0,0,0,0,0,0,0,0,0,0.023699005,0,0,0,0,0,0,0,0,0,0,0,0,0,0,0
W620,2013,0,0,0,0,0,0,0,0,0,0,0,0,0.013046497,0,0,0,0,0,0,0,0,0,0,0,0,0,0,0
W621,2013,0,0,0,0,0,0,0,0,0,0,0,0,0.037109189,0,0,0,0,0,0,0,0,0,0,0,0,0,0,0
W651,2013,0,0,0,0,0,0.052455303,0,0,0,0,0,0,0.053415152,0,0,0,0,0,0,0,0,0,0,0,0,0,0,0.024188149
W652,2013,0,0,0,0,0,0,0,0,0,0,0,0,0.030959381,0,0,0,0,0,0,0,0,0,0,0,0,0,0,0
W593,2013,0,0,0,0,0,0,0,0,0,0,0,0,0.011497843,0,0,0,0,0,0,0,0,0,0,0,0,0,0,0
W594,2013,0,0,0,0,0,0,0,0,0,0,0,0,0.012302421,0,0,0,0,0,0,0,0,0,0,0,0,0,0,0
W595,2013,0,0,0,0,0,0,0,0,0,0,0,0,0.02665649,0,0,0,0,0,0,0,0,0,0,0,0,0.007863773,0,0
W627,2013,0,0,0,0,0,0,0,0,0,0,0,0,0.006449943,0,0,0,0,0,0,0,0,0,0,0,0,0,0,0.297809846
W657,2013,0,0,0,0,0,0,0,0,0,0,0,0,0.009754625,0,0,0,0,0,0,0,0,0,0,0,0,0,0,0.063927992
W658,2013,0,0,0,0,0,0,0,0,0,0,0,0,0.008179461,0,0,0,0,0,0,0,0,0,0,0,0,0,0,0
W659,2013,0,0,0,0,0,0,0,0,0,0,0,0,0.008267573,0,0,0,0,0,0,0,0,0,0,0,0,0,0,0
W694,2013,0,0,0,0,0,0,0,0,0,0,0,0,0.01256492,0,0,0,0,0,0,0,0,0,0,0,0,0,0,0
W695,2013,0,0,0,0,0,0,0,0,0.008234112,0,0,0,0.004592684,0,0,0,0,0,0,0,0,0,0,0,0,0,0,0.198753894
W756,2013,0,0,0,0,0,0,0,0,0.011709784,0.000120509,0,0,0.019187256,0,0,0,0,0,0,0,0,0,0,0,0,0,0,0
W726,2013,0,0,0,0,0,0,0,0,0,0,0,0,0.011656444,0,0,0,0,0,0,0,0,0,0,0,0,0,0,0
W715,2013,0,0,0.026571034,0,0,0,0,0,0,0,0,0,0.023644634,0,0,0.005547748,0.000372981,0,0.20772203,0,0,0,0,0,0,0,0,0
W714,2013,0,0,0,0,0,0,0,0,0,0,0,0,0.022977712,0,0,0,0,0,0,0,0,0,0,0,0,0,0,0
W746,2013,0,0,0.008356677,0,0,0,0,0,0,0,0,0,0.059632207,0,0,0.022132798,0,0,0.163010882,0,0,0,0,0,0,0,0,0
W682,2013,0,0,0,0,0,0,0,0,0,0.031406532,0.010325067,0,0.017217278,0,0,0.013908081,0,0,0,0,0,0,0,0,0,0,0,0
W683,2013,0,0,0,0.006679173,0,0,0,0,0,0,0,0,0.089606392,0,0,0,0,0,0,0,0,0,0,0,0,0,0,0
W684,2013,0,0,0,0.001545662,0,0,0,0,0,0,0,0,0.051016015,0,0,0,0,0,0,0,0,0,0,0,0,0,0,0
W770,2013,0,0.088432937,0.017160181,0.014934781,0,0.037401762,0,0,0,0,0,0,0.008969946,0,0.008195528,0.039980775,0.011400726,0,0.500126234,0,0,0,0,0.005445798,0,0,0,0
W771,2013,0,0,0,0,0,0,0,0,0,0,0,0,0.005462777,0.00754716,0,0,0.013584389,0,0.408552395,0,0,0,0,0.003467427,0,0,0.002188201,0
W772,2013,0,0,0.046099745,0,0,0,0,0,0,0,0,0,0.001043131,0.020592088,0,0.026944438,0.037003528,0,0.648881826,0,0,0,0.034137125,0.024596946,0,0,0,0
W803,2013,0,0,0.029428268,0,0,0,0,0,0,0,0,0,0.002135273,0.020070461,0,0.024602464,0.035376101,0,0.697275422,0,0.023499773,0,0.021170941,0,0,0,0,0
W804,2013,0,0,0,0,0,0,0,0,0,0,0,0,0.009984218,0,0,0,0,0,0,0,0,0,0,0,0,0,0,0
W713,2013,0,0,0,0,0,0,0,0,0,0,0,0,0.029959077,0,0,0,0,0,0,0,0,0,0,0,0,0,0,0
W808,2013,0,0,0,0,0,0,0,0,0,0,0,0,0.043225121,0,0,0,0,0,0,0,0,0,0,0,0,0,0,0
W809,2013,0,0,0.007921704,0,0,0.013740981,0,0,0,0,0,0,0.0317104,0.020863132,0,0,0.037537696,0,0.162191551,0,0.042298594,0,0,0.004181765,0,0,0,0
W810,2013,0,0,0.013381909,0,0,0.060093223,0,0,0,0,0,0,0.017775857,0.031984043,0,0.007242253,0.046070001,0,0,0,0.000361615,0,0,0,0,0,0,0
W744,2013,0,0.079948975,0.006810579,0,0,0.402902615,0,0,0,0,0,0,0.003575174,0.069060556,0.018764212,0.045158483,0.121640341,0,0.044123706,0,0.044613967,0,0,0,0,0,0.012604611,0
W745,2013,0,0,0,0,0,0,0,0,0,0,0,0,0.031273636,0,0,0,0,0,0.047023388,0,0,0,0,0,0,0,0,0
W776,2013,0,0,0,0,0,0,0,0,0,0,0.034084326,0,0.050725356,0.038785339,0,0,0.055957093,0,0.162831262,0,0.097274974,0,0,0.000226754,0,0,0,0
W777,2013,0,0,0,0,0,0,0,0,0,0,0,0,0.025042371,0,0,0,0,0,0,0,0,0,0,0,0,0,0,0
W778,2013,0,0,0,0,0,0,0,0,0,0,0,0,0.044573347,0,0,0,0,0,0.16279067,0,0,0,0,0,0,0,0,0
W1077,2013,0,0,0,0,0,0,0,0,0,0,0,0,0.045717947,0,0,0,0,0,0,0,0,0,0,0,0,0,0,0.163841505
W1078,2013,0,0,0,0,0,0,0,0,0,0,0,0,0.02045297,0,0,0,0,0,0,0,0,0,0,0,0,0,0,0
W1079,2013,0,0,0,0,0,0,0,0,0,0,0,0,0.012613327,0.006607804,0,0,0.007946209,0,0.016501561,0,0,0,0,0,0,0,0,0
W1111,2013,0,0,0.015459884,0,0,0,0,0,0,0,0.058396604,0,0,0.052558416,0,0.001154281,0.108285973,0,0.735696041,0,0,0,0,0.028448801,0,0,0,0
W1112,2013,0,0,0.010934826,0,0,0.004858927,0,0,0,0,0,0,0.001692858,0.013114695,0,0.010341914,0.028328986,0,0.448212031,0,0.126183339,0,0,0,0,0,0,0
W1143,2013,0,0,0,0.001642205,0,0,0,0,0.049578148,0.001688165,0,0,0.051559141,0.003293127,0,0.00083323,0.006321985,0,0,0,0,0,0,0.036895604,0,0,0,0.063580699
W1144,2013,0,0,0,0.05833073,0,0,0,0,0.021498255,0.007928446,0,0,0,0,0,0.051174665,0,0,0.785097395,0,0,0,0,0.055349853,0,0,0,0
W841,2013,0,0,0,0,0,0,0,0,0.023179783,0.068648627,0,0,0.007760779,0,0,0.019723402,0,0,0,0,0,0,0,0,0,0,0,0
W587,2013,0,0,0,0,0,0,0,0,0,0,0,0,0.037467532,0,0,0,0,0,0,0,0,0,0,0,0,0,0,0
W840,2013,0,0,0,0.000787634,0,0,0,0,0,0,0,0,0.013244906,0.018473383,0,0.001817466,0.033259993,0,0.092570511,0,0,0,0,0.013013488,0,0,0,0
W653,2013,0,0,0,0.010462123,0,0.035667196,0,0,0.027958197,0.073672213,0,0,0.076302182,0.006036585,0,0,0.009959159,0,0,0,0,0,0,0,0,0,0,0
W648,2007,0,0,0,0,0,0.047778291,0,0,0,0,0,0,0.00824528,0.016742444,0,0,0,0,0.435193352,0,0,0,0,0,0,0,0,0
W34,2009,0,0,0,0,0,0,0,0,0,0,0,0,0,0,0,0,0,0,0,0,0,0,0,0,0,0,0,0
W559,2009,0,0,0,0,0,0,0,0,0,0,0,0,0.053042231,0,0,0,0,0,0,0,0,0,0,0,0,0,0,0
W881,2009,0,0,0,0,0,0,0,0,0,0,0,0,0.002122755,0,0,0,0,0,0,0,0,0,0,0,0,0,0,0
W882,2009,0,0,0,0,0,0,0,0,0,0,0,0,0.003088315,0,0,0,0,0,0.214654298,0,0,0,0,0,0,0,0,0
W883,2009,0,0,0,0.010367776,0,0,0,0,0.030460742,0,0,0,0.023496976,0,0,0.023033317,0,0,0,0,0,0,0,0.004453968,0,0,0,0
W914,2009,0,0,0,0,0,0,0,0,0,0,0,0,0.022159418,0,0,0,0,0,0,0,0,0,0,0,0,0,0,0
W915,2009,0,0,0,0,0,0,0,0,0,0,0,0,0.042783214,0,0,0,0,0,0.179626033,0,0,0,0,0,0,0,0,0
W916,2009,0,0,0,0,0,0,0,0,0,0,0,0,0.014100229,0,0,0.01482826,0,0,0,0,0,0,0,0,0,0,0,0
W948,2009,0,0,0,0,0,0,0,0,0,0,0,0,0,0,0,0,0,0,0.739715236,0,0,0,0,0,0,0,0,0
W949,2009,0,0,0.019788896,0,0,0,0,0,0,0,0,0,0.023870224,0.013396072,0,0.020370743,0,0,0.110278919,0,0,0,0,0,0,0,0,0
W180,2010,0,0,0,0,0,0,0,0,0,0,0,0,0,0,0,0,0,0,0,0,0,0,0,0,0,0,0,0
W209,2010,0,0,0,0,0,0,0,0,0,0,0,0,0,0,0,0,0,0,0,0,0,0,0,0,0,0,0,0
W1176,2010,0,0,0,0,0,0,0,0,0.007923129,0.008144865,0,0,0.000869738,0.015347476,0,0.007433467,0.027505684,0,0.156283147,0,0,0,0,0,0,0,0,0.020143466
W1177,2010,0,0,0,0,0,0,0.311083798,0,0.049051509,0.053346759,0,0,0.005723866,0,0,0.040748128,0,0,0.146246308,0,0,0,0,0,0,0,0,0
W397,2012,0,0,0,0,0,0,0,0,0,0,0,0,0,0,0,0,0,0,0,0,0,0,0,0,0,0,0,0
W524,2012,0,0,0,0,0,0,0,0,0,0,0,0,0,0,0,0,0,0,0,0,0,0,0,0,0,0,0,0
W84,2013,0,0,0,0,0,0,0,0,0,0,0,0,0,0,0,0,0,0,0,0,0,0,0,0,0,0,0,0
W418,2013,0,0,0,0,0,0,0.910001445,0,0,0.037354443,0,0,0,0.02461844,0,0,0.019881976,0,0,0,0,0,0,0,0,0,0.008143696,0
W862,2013,0,0,0.035674059,0.08209511,0,0,0,0,0.012227101,0,0,0,0.00133643,0.029354611,0,0.034127353,0.0445165,0,0.617048707,0,0,0,0,0.00052714,0,0,0,0
OG-ABMI-418-1,2013,0,0,0,0.004669132,0,0,0.252763447,0,0,0,0,0,0.028230304,0,0,0,0,0,0,0,0,0,0,0,0,0,0,0
W639,2012,0,0,0,0,0,0,0,0,0,0,0,0,0.015336829,0,0,0,0,0,0,0,0,0,0,0,0,0,0,0.06668969
W40,2014,0,0,0,0,0,0,0,0,0,0,0,0,0.016813982,0,0,0,0,0,0,0,0,0,0,0,0,0,0,0
W41,2014,0,0,0,0,0,0,0,0,0,0,0,0,0,0,0,0,0,0,0,0,0,0,0,0,0,0,0,0
W68,2014,0,0,0,0,0,0,0,0,0,0,0,0,0.003359854,0,0,0,0,0,0,0,0,0,0,0,0,0,0,0
W69,2014,0,0,0,0,0,0,0,0,0,0,0,0,0.023640983,0,0,0,0,0,0,0,0,0,0,0,0,0,0,0
W97,2014,0,0,0,0,0,0,0,0,0,0,0,0,0.01267343,0,0,0,0,0,0,0,0,0,0,0,0,0,0,0
W98,2014,0,0,0,0,0,0,0,0,0,0,0,0,0.00796662,0,0,0,0,0,0,0,0,0,0,0,0,0,0,0
W128,2014,0,0,0,0,0,0,0,0,0,0,0,0,0.116978886,0,0,0,0,0,0,0,0,0,0,0,0,0,0,0
W129,2014,0,0,0,0,0,0,0,0,0,0,0,0,0.03831741,0,0,0,0,0,0,0,0,0,0,0,0,0,0,0
W130,2014,0,0,0,0,0,0,0,0,0,0,0,0,0.048868536,0,0,0,0,0,0,0,0,0,0,0,0,0,0,0
W157,2014,0,0,0,0,0,0,0,0,0.005039025,0,0,0,0.10777257,0.014542604,0,0,0.028620474,0,0,0,0,0,0,0.034772255,0,0,0,0
W158,2014,0,0,0,0,0,0,0,0,0,0.052744959,0,0,0.087549487,0,0,0,0,0,0,0,0,0,0,0,0,0,0,0
W159,2014,0,0,0,0,0,0,0,0,0,0,0,0,0.066130929,0,0,0.018288576,0,0,0,0,0,0,0,0,0,0,0,0
W186,2014,0,0,0,0,0,0,0,0,0,0,0,0,0.033878955,0,0,0,0,0,0,0,0,0,0,0,0,0,0,0
W187,2014,0,0,0,0,0,0,0,0,0,0.059506296,0,0,0.096683084,0,0,0,0,0,0,0,0,0,0,0,0,0,0,0
W188,2014,0,0,0,0,0,0,0,0,0.03931286,0.00070863,0,0,0.041682528,0,0,0.002581546,0,0,0,0,0,0,0,0,0,0,0,0
W96,2014,0,0,0,0,0,0,0,0,0,0,0,0,0,0,0,0,0,0,0,0,0,0,0,0,0,0,0,0
W124,2014,0,0,0,0,0,0,0,0,0,0,0,0,0,0,0,0.053076571,0,0,0,0,0,0,0,0,0,0,0,0
W125,2014,0,0,0,0,0,0,0,0,0,0,0,0,0,0,0,0,0,0,0,0,0,0,0,0,0,0,0,0
W225,2014,0,0,0,0,0,0,0,0,0,0,0,0,0,0,0,0,0,0,0,0,0,0,0,0,0,0,0,0.053794303
W226,2014,0,0,0,0,0,0,0,0,0,0,0,0,0.014364447,0,0,0,0,0,0,0,0,0,0,0,0,0,0,0.130414936
W227,2014,0,0,0,0,0,0,0,0,0,0,0,0,0.000380642,0,0,0,0,0,0,0,0,0,0,0,0,0,0,0.444395457
W255,2014,0,0,0,0,0,0,0,0,0,0.014621021,0,0,0.005012709,0.019194921,0,0,0.027879447,0,0.610060147,0,0,0,0,0.009597931,0,0,0.000125916,0
W256,2014,0,0,0,0,0,0,0,0,0,0,0,0,0,0.000885164,0,0,0.003869697,0,0,0,0,0,0,0,0,0,0,0
W257,2014,0,0,0,0,0,0,0,0,0,0,0,0,0,0,0,0,0,0,0,0,0,0,0,0,0,0,0,0.007003049
W285,2014,0,0,0.01599459,0,0,0,0,0,0,0,0,0,0,0.017566724,0,0.000542882,0.03160288,0,0.009083377,0,0,0,0,0,0,0,0,0
W286,2014,0,0,0.108182489,0,0,0,0,0,0,0,0,0,0.004168344,0.05231473,0,0.008627697,0.100876007,0,0.36620236,0,0,0,0,0,0,0.026073376,0,0
W287,2014,0,0,0,0,0,0,0,0,0,0,0,0,0.001382679,0,0,0,0,0,0,0,0,0,0,0,0,0,0,0
W243,2014,0,0,0,0,0,0,0,0,0,0,0,0,0,0,0,0,0,0,0,0,0,0,0,0,0,0,0,0
W273,2014,0,0,0,0,0,0,0,0,0,0,0,0,0,0,0,0,0,0,0,0,0,0,0,0,0,0,0,0
W303,2014,0,0,0,0,0,0,0,0,0,0,0,0,0,0,0,0,0,0,0,0,0,0,0,0,0,0,0,0
W326,2014,0,0,0,0,0,0,0,0,0,0,0,0,0,0,0,0,0,0,0,0,0,0,0,0,0,0,0,0
W327,2014,0,0,0,0,0,0,0,0,0,0,0,0,0,0,0,0,0,0,0,0,0,0,0,0,0,0,0,0
W328,2014,0,0,0,0,0,0,0,0,0.027462436,0,0,0,0.015017315,0,0,0,0,0,0,0,0,0,0,0,0,0,0,0
W355,2014,0,0,0,0,0,0,0,0,0,0,0,0,0.023626743,0,0,0,0,0,0,0,0,0,0,0,0,0,0,0
W356,2014,0,0,0,0,0,0,0,0,0,0.019107599,0,0,0.013290333,0,0,0.000194894,0,0,0,0,0,0,0,0,0,0,0,0
W357,2014,0,0,0,0,0,0,0,0,0.005587277,0,0,0,0.031969154,0,0,0.004083808,0,0,0,0,0,0,0,0,0,0,0,0
W386,2014,0,0,0,0,0,0,0,0,0,0,0,0,0,0,0,0,0,0,0,0,0,0,0,0,0,0,0,0
W387,2014,0,0,0,0,0,0,0,0,0.008700262,0,0,0,0.031030776,0,0,0,0,0,0,0,0,0,0,0,0,0,0,0.007561035
W419,2014,0,0,0,0,0,0,0,0,0.027289315,0,0,0,0.205411307,0,0,0,0,0,0,0,0,0,0,0,0,0,0,0
W500,2014,0,0,0,0,0,0,0,0,0,0,0,0,0.012238692,0,0,0,0,0,0,0,0,0,0,0,0,0,0,0
W501,2014,0,0,0,0,0,0,0,0,0.005686645,0,0,0,0.046488163,0,0,0,0,0,0,0,0,0,0,0,0,0,0,0.206250004
W502,2014,0,0,0,0,0,0,0,0,0,0,0,0,0,0,0,0,0,0,0,0,0,0,0,0,0,0,0,0
W531,2014,0,0,0,0,0,0,0,0,0,0,0,0,0.013678213,0.00731764,0,0,0.013525985,0,0,0,0,0,0,0,0,0,0,0
W532,2014,0,0,0,0,0,0,0,0,0,0,0,0,0.028561488,0,0,0,0,0,0,0,0,0,0,0,0,0,0,0
W533,2014,0,0,0,0,0,0,0,0,0,0,0,0,0.006573509,0,0,0,0,0,0,0,0,0,0,0,0,0,0,0
W562,2014,0,0,0,0,0,0,0,0,0,0,0,0,0.007277141,0,0,0,0,0,0,0,0,0,0,0,0,0,0,0.031803139
W563,2014,0,0,0,0,0,0,0,0,0,0,0,0,0.018716812,0,0,0,0,0,0,0,0,0,0,0,0,0,0,0
W564,2014,0,0,0,0,0,0,0,0,0,0,0,0,0.025086397,0,0,0,0,0,0,0,0,0,0,0,0,0,0,0
W509,2014,0,0,0,0,0,0,0,0,0,0,0,0,0.002279641,0,0,0,0,0,0,0,0,0,0,0,0,0,0,0
W510,2014,0,0,0,0,0,0.002886491,0,0,0,0,0,0,0,0.0834527,0,0.035870163,0.205512898,0,0,0,0,0,0,0,0,0,0,0
W511,2014,0,0,0,0,0,0,0,0,0,0,0,0,0.091087658,0,0,0,0,0,0,0,0,0,0,0,0,0,0,0
W540,2014,0,0,0,0,0,0,0,0,0,0,0,0,0,0,0,0,0,0,0,0,0,0,0,0,0,0,0,0
W541,2014,0,0,0,0,0,0,0,0,0,0,0,0,0.008880341,0,0,0,0,0,0,0,0,0,0,0,0,0,0,0
W542,2014,0,0,0,0,0,0,0,0,0,0,0,0,0.016272513,0,0,0,0,0,0,0,0,0,0,0,0,0,0,0
W571,2014,0,0,0,0,0,0,0,0,0,0,0,0,0,0,0,0,0,0,0,0,0,0,0,0,0,0,0,0
W572,2014,0,0,0,0,0,0,0,0,0,0,0,0,0.011155319,0,0,0,0,0,0,0,0,0,0,0,0,0,0,0
W573,2014,0,0,0,0,0,0,0,0,0,0,0,0,0.017222216,0,0,0,0,0,0,0,0,0,0,0,0,0,0,0
W679,2014,0,0,0.012387866,0,0,0,0,0,0,0,0,0,0,0.030346511,0.017804448,0.038207203,0.044055054,0,0.7932939,0,0,0,0,0.006758956,0.003770642,0,0,0
W680,2014,0,0,0,0,0,0,0,0,0,0,0,0,0,0,0,0,0,0,0.123523635,0,0,0,0,0,0,0,0,0
W681,2014,0,0,0.010014291,0,0,0,0,0,0,0,0,0,0.008276816,0.023498236,0,0.000922991,0.036421256,0,0.00352347,0,0,0,0,0.004823351,0,0,0,0
W700,2014,0,0,0,0,0,0,0,0,0.062064238,0,0,0,0.069365612,0,0,0,0,0,0,0,0,0,0,0,0,0,0,0
W701,2014,0,0,0,0,0,0,0,0,0,0.00229042,0,0,0.077344462,0,0,0,0,0,0,0,0,0,0,0,0,0,0,0
W702,2014,0,0,0,0,0,0,0,0,0,0.025362437,0,0,0.072192462,0,0,0,0,0,0,0,0,0,0,0,0,0,0,0
W710,2014,0,0,0,0,0,0,0,0,0,0,0,0,0.020817982,0,0,0,0,0,0,0,0,0,0,0,0,0,0,0
W711,2014,0,0,0.091826701,0,0,0,0,0,0,0,0,0,0,0.023525744,0,0.005563427,0.043289976,0,0.765134501,0,0,0,0,0.011105269,0,0,0,0
W712,2014,0,0,0,0,0,0,0,0,0,0,0,0,0.007387499,0,0,0,0,0,0.076698875,0,0,0,0,0,0,0,0,0
W741,2014,0,0,0,0,0,0.005982232,0,0,0.021601465,0.023218975,0,0,0.015958616,0,0,0.019213664,0,0,0,0,0,0,0,0,0,0,0,0
W742,2014,0,0,0,0,0,0,0,0,0,0,0,0,0.005017143,0,0,0,0,0,0,0,0,0,0,0,0,0,0,0
W743,2014,0,0,0.043098216,0,0,0,0,0,0.016488608,0,0,0,0,0.039700517,0,0.008277873,0.057281739,0,0.754910628,0,0,0,0,0.019423951,0,0,0,0
W785,2014,0,0,0,0,0,0,0,0,0,0,0,0,0.027464776,0,0,0,0,0,0,0,0,0,0,0,0,0,0,0
W786,2014,0,0,0,0,0,0,0,0,0.026648576,0.031291064,0,0,0.026487876,0,0,0,0,0,0,0,0.099952404,0,0,0,0,0,0,0
W787,2014,0,0,0,0,0,0,0,0,0,0,0,0,0.028073434,0,0,0,0,0,0,0,0,0,0,0,0,0,0,0
W817,2014,0,0,0,0,0,0,0,0,0,0,0,0,0.014102543,0,0,0.002607843,0,0,0,0,0,0,0,0,0,0,0,0.190518145
W818,2014,0,0,0,0,0,0,0,0,0.021845737,0,0,0,0.008298698,0,0,0,0,0,0,0,0,0,0,0,0,0,0,0
W819,2014,0,0,0,0,0,0,0,0,0,0,0,0,0,0,0,0,0,0,0,0,0,0,0,0,0,0,0,0.151926398
W849,2014,0,0,0,0,0,0,0,0,0,0,0,0,0.018956136,0,0,0,0,0,0,0,0,0,0,0,0,0,0,0
W850,2014,0,0,0,0,0,0,0,0,0.019073297,0,0,0,0.024403789,0,0,0,0,0,0,0,0,0,0,0,0,0,0,0
W851,2014,0,0,0,0,0,0,0,0,0,0,0,0,0.008563799,0,0,0.00310484,0,0,0.054941199,0,0.141469577,0,0,0,0,0,0,0.127183554
W887,2014,0,0,0.011148896,0,0,0,0,0,0,0.035447913,0,0,0.015304602,0,0,0.008442144,0,0,0.054863891,0,0,0,0,0,0,0,0,0
W888,2014,0,0,0.003969762,0,0,0,0,0,0,0,0,0,0.00729949,0,0,0,0,0,0.134896022,0,0.044081843,0,0,0.001483728,0,0,0,0
W889,2014,0,0,0,0,0,0,0,0,0.032234564,0.002820579,0,0,0.005609824,0,0,0.043253586,0,0,0,0,0,0,0,0,0,0,0,0
W920,2014,0,0,0,0,0,0,0,0,0,0,0,0,0.034343245,0,0,0,0,0,0,0,0,0,0,0,0,0,0,0
W921,2014,0,0,0,0,0,0,0,0,0,0,0,0,0.004719593,0,0,0,0,0,0,0,0,0,0,0,0,0,0,0
W922,2014,0,0,0,0,0,0,0,0,0,0,0,0,0.005957814,0,0,0.001646203,0,0,0,0,0,0,0,0,0,0,0,0
W953,2014,0,0,0,0,0,0,0,0,0,0,0,0,0,0,0,0,0,0,0.862836001,0,0,0,0,0,0,0,0,0
W954,2014,0,0,0.008807687,0,0,0,0,0,0,0,0,0,0,0.026060551,0,0,0.037394714,0,0.619089394,0,0,0,0,0,0,0,0,0
W955,2014,0,0,0,0,0,0,0,0,0,0,0,0,0.011169319,0.008120478,0,0.033153402,0.014553451,0,0.085407317,0,0.114632693,0,0,0,0,0,0,0.131425601
W893,2014,0,0,0,0,0,0,0,0,0,0,0,0,0,0.030000829,0.014790471,0,0.08349534,0,0.860011263,0,0,0,0,0.011702097,0,0,0,0
W895,2014,0,0,0.007425943,0,0,0,0,0,0,0,0,0,0.011030339,0.016094572,0,0,0.020941433,0,0,0,0.022789525,0,0,0,0,0,0,0
W927,2014,0,0,0,0,0,0,0,0,0,0,0,0,0.003685779,0,0,0.04345931,0,0,0,0,0,0,0,0,0,0,0,0
W928,2014,0,0,0,0,0,0,0,0,0,0,0,0,0.010983453,0,0,0,0,0,0,0,0,0,0,0,0,0,0,0
W959,2014,0,0,0.03629723,0,0,0.008399822,0,0,0.047618938,0,0,0,0.024781413,0.014981864,0,0.00568684,0.021571302,0,0.15680326,0,0,0,0,0.001045163,0,0,0,0
W960,2014,0,0,0.032361838,0,0,0,0,0,0.028614324,0,0,0,0,0,0,0.005575944,0,0,0.383297824,0,0.049195374,0,0,0,0,0,0,0
W961,2014,0,0,0,0,0,0,0,0,0,0,0,0,0.045940807,0,0,0,0,0,0,0,0,0,0,0,0,0,0,0
W1271,2014,0,0,0.018829198,0,0,0,0,0,0,0.000883919,0,0,0.000934964,0.015219838,0,0.031084263,0.027352288,0,0.168138173,0,0.394156423,0,0,0,0,0,0,0
W1298,2014,0,0,0.116597661,0,0,0.016650118,0,0,8.63E-06,0,0,0,0,0.030800387,0,0.05009791,0.044759412,0,0.146963821,0,0,0,0,0.008553981,0,0,0,0
W1299,2014,0,0,0.017305526,0,0,0,0,0,0.005578936,0,0.016394014,0,0,0.014586415,0,0.010492913,0.0262386,0,0.848585122,0,0,0,0,0,0,0.009997684,0,0
W1327,2014,0,0,0.002934746,0,0,0,0,0,0.011614935,0,0,0,0.003210818,0.000599043,0,0.000135014,0.001648477,0,0.101681987,0,0,0,0,0,0,0,0,0
W1328,2014,0,0,0,0,0,0,0,0,0.003991761,0,0,0,0,0.010213564,0,0,0.018372401,0,0.9002205,0,0,0,0,0.000159783,0,0,0,0
OG-ABMI-668-1,2014,0,0,0,0,0,0,0,0,0,0,0,0,0,0,0,0,0,0,0,0,0,0,0,0,0,0,0,0.092280349
OG-ABMI-599-1,2014,0,0,0,0,0,0.01998921,0,0,0.041458289,0.124533442,0,0,0.003905622,0.018924154,0,0.008234806,0.03370893,0,0,0,0,0,0,0.033544549,0.007983666,0,0,0
OG-ABMI-599-2,2014,0,0,0,0,0,0.017192104,0.127370202,0,0.073790374,0.068739994,0,0,0,0.016355116,0,0.005720586,0.026747641,0,0,0,0,0,0,0.044636239,0.013466213,0,0,0
OG-ABMI-449-1,2014,0,0,0,0,0,0,0,0,0.008363314,0,0.11817547,0,0.006932437,0,0,0,0,0,0,0,0,0,0,0,0,0,0,0
OG-ABMI-582-1,2014,0,0,0,0,0,0,0,0,0.015383064,0.005837452,0,0,0.005478266,0.014191139,0,0.006732861,0.025524852,0,0,0,0,0,0,0,0,0,0,0.20728849
OG-ABMI-859-1,2014,0,0,0,0.847526322,0,0,0,0,0,0.044226071,0,0,0,0,0,0.020517223,0.004065147,0,0,0,0,0,0,0.025024456,0,0,0,0
OG-ABMI-469-2,2014,0,0,0,0,0,0.022541669,0,0,0.024963317,0.026586877,0,0,0.045809483,0,0,0.046186692,0,0,0,0,0,0,0,0,0,0,0,0
OG-ABMI-938-1,2014,0,0,0,0,0,0.190963622,0,0,0,0.047849673,0.006610456,0,0.022260293,0.05417355,0,0,0.108479955,0,0,0,0,0,0,5.36E-06,0,0,0,0
OG-ABMI-619-1,2014,0,0,0,0.287819428,0,0.000407928,0,0,0.031645812,0.110904735,0,0,0.030982193,0.00255451,0,0,0.004362386,0,0,0,0,0,0,0.000813764,0,0,0,0
OG-ABMI-669-2,2014,0,0,0,0,0,0,0,0,0,0,0,0,0.001901823,0,0,0.011680295,0,0,0,0,0,0,0,0,0,0,0,0.359432341
OG-ABMI-387-1,2014,0,0,0,0.237741702,0,0,0.651190326,0,0.038272234,0,0,0,0,0,0,0.061809393,0,0,0,0,0,0,0,0.001573319,0,0,0,0
OG-ABMI-779-1,2014,0,0,0,0,0,0,0,0,0,0,0,0,0.009327735,0,0,0.01695998,0,0,0,0,0,0,0,0,0,0,0,0.624441389
OG-ABMI-669-1,2014,0,0,0,0.058079226,0,0.01678297,0,0,0.045311919,0.097432996,0,0,0.051567247,0,0,0.013859846,0,0,0,0,0,0,0,0,0,0,0,0
W385,2014,0,0,0,0,0,0,0,0,0,0,0,0,0,0,0,0,0,0,0,0,0,0,0,0,0,0,0,0
W329,2015,0,0,0,0,0,0,0,0,0,0,0,0,0,0,0,0,0,0,0,0,0,0,0,0,0,0,0,0.029709804
W330,2015,0,0,0,0,0,0,0,0,0,0,0,0,0,0,0,0,0,0,0,0,0,0,0,0,0,0,0,0
W331,2015,0,0,0,0,0,0,0,0,0.000728223,0,0,0,0.010055623,0,0,0,0,0,0,0,0,0,0,0,0,0,0,0
W358,2015,0,0,0.019238292,0,0,0,0,0,0,0,0,0,0,0,0,0.017732538,0,0,0,0,0,0,0,0,0,0,0,0.167130744
W359,2015,0,0,0,0,0,0,0,0,0,0,0,0,0.028649898,0,0,0,0,0,0,0,0,0,0,0,0,0,0,0
W360,2015,0,0,0,0,0,0,0,0,0,0,0,0,0.010181755,0,0,0,0,0,0,0,0,0,0,0,0,0,0,0
W388,2015,0,0,0,0,0,0,0,0,0.02471123,0,0,0,0.024841405,0,0,0,0,0,0,0,0,0,0,0,0,0,0,0
W389,2015,0,0,0,0,0,0,0,0,0.01582431,0,0,0,0.003345598,0,0,0,0,0,0,0,0,0,0,0,0,0,0,0
W390,2015,0,0,0,0,0,0,0,0,0.022005536,0,0,0,0.086481762,0,0,0,0,0,0,0,0,0,0,0,0,0,0,0
W412,2015,0,0,0,0,0,0,0,0,0,0,0,0,0.012634775,0,0,0,0,0,0,0,0,0,0,0,0,0,0,0
W413,2015,0,0,0,0,0,0,0,0,0,0,0,0,0,0,0,0,0,0,0,0,0,0,0,0,0,0,0,0
W414,2015,0,0,0,0,0,0,0,0,0,0,0,0,0,0,0,0,0,0,0,0,0,0,0,0,0,0,0,0
W442,2015,0,0,0,0,0,0,0,0,0,0,0,0,0.002783231,0,0,0,0,0,0,0,0,0,0,0,0,0,0,0
W443,2015,0,0,0,0,0,0,0,0,0,0,0,0,0,0,0,0,0,0,0,0,0,0,0,0,0,0,0,0
W444,2015,0,0,0,0,0,0,0,0,0,0.047082055,0,0,0.009819919,0,0,0,0,0,0,0,0,0,0,0,0,0,0,0
W472,2015,0,0,0,0,0,0,0,0,0.002071693,0,0,0,0.029347279,0,0,0,0,0,0,0,0,0,0,0,0,0,0,0.199706192
W473,2015,0,0,0,0,0,0,0,0,0,0,0,0,0,0,0,0,0,0,0,0,0,0,0,0,0,0,0,0
W474,2015,0,0,0,0,0,0,0,0,0,0,0,0,0,0,0,0,0,0,0,0,0,0,0,0,0,0,0,0
W497,2015,0,0,0,0,0,0,0,0,0,0,0,0,0.005243984,0,0,0,0,0,0,0,0,0,0,0,0,0,0,0
W498,2015,0,0,0,0,0,0,0,0,0.001853385,0,0,0,0.00870164,0,0,0,0,0,0,0,0,0,0,0,0,0,0,0
W499,2015,0,0,0,0,0,0,0,0,0,0,0,0,0.036620766,0,0,0,0,0,0,0,0,0,0,0,0,0,0,0
W512,2015,0,0,0,0,0,0,0,0,0,0,0,0,0,0,0,0,0,0,0,0,0,0,0,0,0,0,0,0
W513,2015,0,0,0,0,0,0,0,0,0,0,0,0,0.007067395,0,0,0,0,0,0,0,0,0,0,0,0,0,0,0
W514,2015,0,0,0,0,0,0,0,0,0,0,0,0,0.012121823,0,0,0,0,0,0,0,0,0,0,0,0,0,0,0
W528,2015,0,0,0,0,0,0,0,0,0,0,0,0,0.032608714,0,0,0,0,0,0,0,0,0,0,0,0,0,0,0
W529,2015,0,0,0,0,0,0,0,0,0,0.039888041,0,0,0.041208284,0,0,0,0,0,0,0,0,0,0,0,0,0,0,0
W543,2015,0,0,0,0,0,0,0,0,0,0.010069865,0,0,0.001273847,0.029932252,0,0,0,0,0,0,0,0,0,0,0,0,0,0
W559,2015,0,0,0,0,0,0,0,0,0,0,0,0,0.041480239,0,0,0,0,0,0,0,0,0,0,0,0,0,0,0
W560,2015,0,0,0,0,0,0,0,0,0.038689024,0.011820368,0,0,0.016240339,0.012737661,0,0.001211623,0.02361106,0,0,0,0,0,0,0,0,0,0,0
W561,2015,0,0,0,0,0,0,0,0,0,0,0,0,0.034084526,0,0,0,0,0,0,0,0,0,0,0,0,0,0,0
W574,2015,0,0,0,0,0,0,0,0,0,0,0,0,0.008701455,0,0,0,0,0,0,0,0,0,0,0,0,0,0,0.152801579
W584,2015,0,0,0,0,0,0,0,0,0,0,0,0,0.023766019,0,0,0,0,0,0,0,0,0,0,0,0,0,0,0
W585,2015,0,0,0,0,0,0,0,0,0,0,0,0,0.0211981,0,0,0,0,0,0,0,0,0,0,0,0,0,0,0
W586,2015,0,0,0,0,0,0,0,0,0,0,0,0,0.005780051,0,0,0,0,0,0,0,0,0,0,0,0,0,0,0.105133057
W616,2015,0,0,0,0,0,0,0,0,0,0,0,0,0.014387682,0,0,0,0,0,0,0,0,0,0,0,0,0,0,0
W617,2015,0,0,0,0,0,0,0,0,0,0,0,0,0.019314167,0.021539112,0,0.001253891,0.049573084,0,0.247481079,0,0,0,0,0,0,0,0,0
W618B,2015,0,0,0,0,0,0,0,0,0,0,0,0,0.042689276,0,0,0,0,0,0,0,0,0,0,0,0,0,0,0
W648B,2015,0,0,0.038958701,0,0,0,0,0,0.009642322,0,0,0,0.003361645,0,0,0.011759618,0,0,0.261224184,0,0,0,0,0,0,0,0,0
W649,2015,0,0,0,0,0,0,0,0,0,0,0,0,0.010859672,0,0,0,0,0,0,0,0,0,0,0,0,0,0,0
W650,2015,0,0,0,0,0,0,0,0,0,0,0,0,0.018261359,0,0,0.010236174,0,0,0.242380455,0,0,0,0,0,0,0,0,0
W663,2015,0,0,0,0,0,0,0,0,0,0,0,0,0.011981089,0,0,0,0,0,0,0,0,0,0,0,0,0,0,0
W664,2015,0,0,0,0,0,0,0,0,0,0,0,0,0.007266203,0,0,0,0,0,0,0,0,0,0,0,0,0,0,0
W665,2015,0,0,0,0,0,0,0,0,0,0,0,0,0,0,0,0,0,0,0,0,0,0,0,0,0,0,0,0
W791,2015,0,0,0,0,0,0,0,0,0.033927201,0.032888785,0,0,0.002813298,0,0,0,0,0,0,0,0,0,0,0,0,0,0,0
W792,2015,0,0,0,0,0,0,0,0,0,0,0,0,0.001044016,0,0,0,0,0,0,0,0,0,0,0,0,0,0,0
W793,2015,0,0,0,0,0,0,0,0,0,0,0,0,0.020434596,0,0,0,0,0,0,0,0,0,0,0,0,0,0,0.258219956
W794,2015,0,0,0,0,0,0,0,0,0.012869492,0,0,0,0.025739613,0,0,0,0,0,0,0,0,0,0,0,0,0,0,0.075115562
W823,2015,0,0,0.058530854,0,0,0,0,0,0,0,0,0,0.000707244,0.027058916,0,0.001364108,0.038724234,0,0.59392407,0,0,0,0,0.000229467,0,0,0,0
W824,2015,0,0,0.029406354,0,0,0,0,0,0,0,0,0,0.003315146,0,0,0.015374016,0,0,0.095701574,0,0,0,0,0,0,0,0,0.163760079
W825,2015,0,0,0,0,0,0,0,0,0,0,0,0,0,0,0,0,0,0,0,0,0,0,0,0,0,0,0,0
W855,2015,0,0,0,0,0,0.002305139,0,0,0,0,0,0,0.020433551,0,0,0.024886231,0,0,0.302143298,0,0.210979956,0,0,0,0,0,0,0
W856,2015,0,0,0,0,0,0,0,0,0,0,0,0,0.036411476,0,0,0,0,0,0.040256253,0,0,0,0,0,0,0,0,0
W857,2015,0,0,0,0,0,0.006363515,0,0,0,0.085574917,0,0,0.020595847,0,0,0,0,0,0.018259061,0,0,0,0,0,0,0,0,0
W989,2015,0,0,0.053995369,0,0,0,0,0,0,0,0,0,0,0.022237472,0,0.006343873,0.031428361,0,0.238595137,0,0.280692453,0,0,0,0,0,0,0
W990,2015,0,0,0,0,0,0.058202041,0,0,0,0.025679637,0,0,0.002168295,0,0,0,0,0,0.290147349,0,0,0,0,0,0,0,0,0
W991,2015,0,0,0.004475711,0,0,0,0,0,0,0,0,0,0.024111574,0,0,0,0,0,0.048982022,0,0,0,0,0,0,0,0,0
W1022,2015,0,0,0.011838825,0,0,0.006458153,0.064243279,0,0,0.004182647,0,0,0.00395871,0.004439409,0,0.015998546,0.008874753,0,0.475934363,0,0,0,0,0.012888491,0,0,0,0
W1023B,2015,0,0,0,0,0,0,0,0,0.007170473,0.025123681,0,0,0.015216806,0.005711146,0,0.000693183,0.010194261,0,0.454178208,0,0.027701505,0,0,0.001878435,0,0,0,0
W1024,2015,0,0,0.070143312,0,0,0,0,0,0,0,0,0,0,0.026071187,0,0.003896862,0.038963696,0,0.482156969,0,0.011200692,0,0,0.002734075,0,0,0,0
OG-ABMI-628-21,2015,0,0,0,0.037312757,0,0,0,0,0,0.162034061,0.049805356,0,0.02943503,0.032261349,0,0.003495603,0.054422598,0,0,0,0,0,0,0.05700707,0,0,0,0
OG-ABMI-511-21,2015,0,0,0,0.223895855,0,0,0,0,0.042803854,0.046226355,0,0,0.022684424,0.037123267,0,0.006306766,0.068715362,0,0,0,0,0,0,0,0,0,0,0
OG-ABMI-540-21,2015,0,0,0,0,0,0,0,0,0,0.232840816,0.101115506,0,0.024377974,0,0,0,0,0,0,0,0,0,0,0,0,0,0,0.235266958
OG-ABMI-542-21,2015,0,0,0,0,0,0,0,0,0.006257356,0.09499343,0.035414778,0,0.044482349,0,0.009921123,0,0.041342933,0,0,0,0,0,0,0,0,0,0.0093282,0
OG-ABMI-670-21,2015,0,0,0,0,0,0,0,0,0,0.198736225,0,0,0,0,0,0,0,0,0,0,0,0,0,0,0,0,0,0
OG-ABMI-358-21,2015,0,0,0,0,0,0,0,0,0,0.117402965,0,0,0,0.030709344,0,0,0,0,0,0,0,0,0,0,0,0,0,0.538632445
OG-ABMI-720-21,2015,0,0,0,0,0,0,0,0,0,0,0,0,0.001222623,0,0,0.018750227,0,0,0,0,0,0,0,0,0,0,0,0.64058363
OG-ABMI-787-21,2015,0,0,0,0,0,0,0,0,0.021343035,0.032960934,0,0,0.015114807,0,0,0,0,0,0,0,0,0,0,0,0,0,0,0.39441927
OG-ABMI-860-21,2015,0,0,0,0,0,0,0,0,0.023299315,0,0,0,0,0,0,0.011037101,0,0,0.775603776,0,0,0,0,0,0,0,0,0
OG-ABMI-990-21,2015,0,0,0,0,0,0,0,0,0,0,0,0,0.011583964,0.019547138,0,0,0,0,0.298954366,0,0.024167264,0,0,0,0,0,0,0
OG-ABMI-712-21,2015,0,0,0,0,0,0,0,0,0,0,0,0,0.024564074,0,0,0,0,0,0,0,0,0,0,0,0,0,0,0.190929734
OG-ABMI-790-21,2015,0,0,0.134025967,0,0,0,0,0,0.010440707,0,0,0,0,0,0,0.015456133,0,0,0.716879885,0,0,0,0,0,0,0,0,0
W530,2015,0,0,0,0,0,0,0,0,0,0,0,0,0.052394765,0,0,0,0,0,0,0,0,0,0,0,0,0,0,0.002940192
W545,2015,0,0,0,0,0,0,0,0,0,0,0,0,0,0,0,0,0,0,0,0,0,0,0,0,0,0,0,0
W544,2015,0,0,0,0,0,0,0,0,0,0,0,0,0.002756309,0,0,0,0,0,0,0,0,0,0,0,0,0,0,0
W633,2015,0,0,0,0,0,0,0,0,0.008115318,0,0,0,0.020312893,0,0,0,0,0,0,0,0,0,0,0,0,0,0,0
W632,2015,0,0,0,0,0,0,0,0,0,0,0,0,0.00442531,0,0,0,0,0,0,0,0,0,0,0,0,0,0,0
W631,2015,0,0,0,0,0,0,0,0,0,0,0,0,0.011663893,0,0,0,0,0,0,0,0,0,0,0,0,0,0,0
W601,2015,0,0,0,0,0,0,0,0,0,0,0,0,0,0,0,0,0,0,0,0,0,0,0,0,0,0,0,0
W600,2015,0,0,0,0,0,0,0,0,0,0,0,0,0,0,0,0,0,0,0,0,0,0,0,0,0,0,0,0.344339483
W599,2015,0,0,0,0,0,0,0,0,0.019997929,0.036953416,0,0,0,0,0,0,0,0,0,0,0,0,0,0,0,0,0,0
W576,2015,0,0,0,0,0,0,0,0,0,0,0,0,0,0,0,0,0,0,0,0,0,0,0,0,0,0,0,0
W575,2015,0,0,0,0,0,0,0,0,0,0,0,0,0.01588286,0,0,0,0,0,0,0,0,0,0,0,0,0,0,0
W2,2016,0,0,0,0,0,0,0,0,0,0,0,0,0,0,0,0,0,0,0,0,0,0,0,0,0,0,0,0
W3,2016,0,0,0,0,0,0,0,0,0,0,0,0,0,0,0,0,0,0,0,0,0,0,0,0,0,0,0,0
W13,2016,0,0,0,0,0,0,0,0,0,0,0,0,0,0,0,0,0,0,0,0,0,0,0,0,0,0,0,0
W14,2016,0,0,0,0,0,0,0,0,0,0,0,0,0,0,0,0,0,0,0,0,0,0,0,0,0,0,0,0
W15,2016,0,0,0,0,0,0,0,0,0,0,0,0,0,0,0,0,0,0,0,0,0,0,0,0,0,0,0,0
W32,2016,0,0,0,0,0,0,0,0,0,0,0,0,0,0,0,0,0,0,0,0,0,0,0,0,0,0,0,0
W33,2016,0,0,0,0,0,0,0,0,0,0,0,0,0,0,0,0,0,0,0,0,0,0,0,0,0,0,0,0
W34,2016,0,0,0,0,0,0,0,0,0,0,0,0,0,0,0,0,0,0,0,0,0,0,0,0,0,0,0,0
W63,2016,0,0,0,0,0,0,0,0,0,0,0,0,0,0,0,0,0,0,0,0,0,0,0,0,0,0,0,0
W91,2016,0,0,0,0,0,0,0,0,0,0,0,0,0,0,0,0,0,0,0,0,0,0,0,0,0,0,0,0
W234,2016,0,0,0,0,0,0.011519097,0,0,0,0,0,0,0,0,0,0,0,0,0,0,0,0,0,0,0,0,0,0
W235,2016,0,0,0,0,0,0,0,0,0,0,0,0,0,0,0,0,0,0,0,0,0,0,0,0,0,0,0,0
W236,2016,0,0,0,0,0,0,0,0,0,0,0,0,0,0,0,0,0,0,0,0,0,0,0,0,0,0,0,0
W240,2016,0,0,0,0,0,0,0,0,0,0,0,0,0,0,0,0,0,0,0,0,0,0,0,0,0,0,0,0
W241,2016,0,0,0,0,0,0,0,0,0,0,0,0,0,0,0,0.000165111,0,0,0,0,0,0,0,0,0,0,0,0
W242,2016,0,0,0,0,0,0,0,0,0,0,0,0,0,0,0,0,0,0,0,0,0,0,0,0,0,0,0,0
W264,2016,0,0,0,0,0,0,0,0,0,0,0,0,0,0,0,0,0,0,0,0,0,0,0,0,0,0,0,0
W265,2016,0,0,0,0,0,0,0,0,0,0,0,0,0,0,0,0,0,0,0,0,0,0,0,0,0,0,0,0
W266,2016,0,0,0,0,0,0,0,0,0,0,0,0,0,0,0,0,0,0,0,0,0,0,0,0,0,0,0,0
W270,2016,0,0,0,0,0,0,0,0,0,0,0,0,0,0,0,0,0,0,0,0,0,0,0,0,0,0,0,0
W271,2016,0,0,0,0,0,0,0,0,0,0,0,0,0,0,0,0,0,0,0,0,0,0,0,0,0,0,0,0
W272,2016,0,0,0,0,0,0,0,0,0,0,0,0,0,0,0,0,0,0,0,0,0,0,0,0,0,0,0,0
W294,2016,0,0,0,0,0,0,0,0,0,0,0,0,0,0,0,0,0,0,0,0,0,0,0,0,0,0,0,0
W295,2016,0,0,0,0,0,0,0,0,0,0,0,0,0,0,0,0,0,0,0,0,0,0,0,0,0,0,0,0
W296,2016,0,0,0,0,0,0,0,0,0,0,0,0,0,0,0,0,0,0,0,0,0,0,0,0,0,0,0,0
W300,2016,0,0,0,0,0,0,0,0,0,0,0,0,0,0,0,0,0,0,0,0,0,0,0,0,0,0,0,0
W301,2016,0,0,0,0,0,0,0,0,0,0,0,0,0,0,0,0,0,0,0,0,0,0,0,0,0,0,0,0
W323,2016,0,0,0,0,0,0,0,0,0,0,0,0,0,0,0,0,0,0,0,0,0,0,0,0,0,0,0,0
W324,2016,0,0,0,0,0,0,0,0,0,0,0,0,0,0,0,0,0,0,0,0,0,0,0,0,0,0,0,0
W325,2016,0,0,0,0,0,0,0,0,0,0,0,0,0.00572227,0,0,0.012555276,0,0,0,0,0,0,0,0,0,0,0,0
W352,2016,0,0,0,0,0,0,0,0,0,0,0,0,0.020884792,0,0,0.006224574,0,0,0,0,0,0,0,0,0,0,0,0
W353,2016,0,0,0,0,0,0,0,0,0,0,0,0,0,0,0,0,0,0,0,0,0,0,0,0,0,0,0,0
W354,2016,0,0,0,0,0,0,0,0,0,0,0,0,0,0,0,0,0,0,0,0,0,0,0,0,0,0,0,0
W382,2016,0,0,0,0,0,0,0,0,0,0,0,0,0.007535756,0,0,0.016617994,0,0,0,0,0,0,0,0,0,0,0,0
W383,2016,0,0,0,0,0,0,0,0,0,0,0,0,0,0,0,0,0,0,0,0,0,0,0,0,0,0,0,0
W384,2016,0,0,0,0,0,0,0,0,0,0,0,0,0,0,0,0,0,0,0,0,0,0,0,0,0,0,0,0
W555,2016,0,0,0,0,0,0,0,0,0,0,0.063647989,0,0.001851543,0.025649461,0,0,0.084168518,0,0,0,0,0,0,0.051294009,0,0,0,0.221281373
W587,2016,0,0,0,0,0,0,0,0,0,0,0,0,0.020665251,0,0,0.011254764,0,0,0,0,0,0,0,0,0,0,0,0
W588,2016,0,0,0,0,0,0,0,0,0,0,0,0,0.024387081,0,0,0,0,0,0,0,0,0,0,0,0,0,0,0
W589,2016,0,0,0,0,0,0,0,0,0,0,0,0,0.021355254,0,0,0.009378595,0,0,0,0,0,0,0,0,0,0,0,0
W593,2016,0,0,0,0,0,0,0,0,0,0,0,0,0.011550618,0,0,0,0,0,0,0,0,0,0,0,0,0,0,0
W594,2016,0,0,0,0,0,0,0,0,0,0,0,0,0.008547652,0,0,0.003673409,0,0,0,0,0,0,0,0,0,0,0,0
W595,2016,0,0,0,0,0,0,0,0,0,0,0,0,0.023777676,0,0,0.004862727,0,0,0,0,0,0,0,0,0,0,0,0
W608,2016,0,0,0,0,0,0,0,0,0,0,0,0,0,0,0,0,0,0,0,0,0,0,0,0,0,0,0,0
W619,2016,0,0,0,0,0,0,0,0,0,0,0,0.008588559,0.000286852,0,0,0.016848235,0,0,0,0,0,0,0,0,0,0,0,0
W620,2016,0,0,0,0,0,0,0,0,0,0,0,0,0.013142722,0,0,0,0,0,0,0,0,0,0,0,0,0,0,0
W621,2016,0,0,0,0,0,0,0,0,0,0,0,0,0.025871401,0,0,0.008863863,0,0,0,0,0,0,0,0,0,0,0,0
W625,2016,0,0,0,0,0,0,0,0,0,0,0,0,0.014059335,0,0,0,0,0,0,0,0,0,0,0,0,0,0,0
W626,2016,0,0,0,0,0,0,0,0,0,0,0,0,0.005514604,0,0,0,0,0,0,0,0,0,0,0,0,0,0,0.301190678
W627,2016,0,0,0,0,0,0,0,0,0,0,0,0.000419208,0.010896675,0,0,0,0,0,0,0,0,0,0,0,0,0,0,0.296178035
W640,2016,0,0,0,0,0,0,0,0,0,0,0,0,0.007633825,0,0,0,0,0,0,0,0,0,0,0,0,0,0,0
W651,2016,0,0,0,0,0,0,0,0,0,0,0,0,0.021551262,0,0,0.02045273,0,0,0,0,0,0,0,0,0,0,0,0.014957119
W652,2016,0,0,0,0,0,0,0,0,0,0,0,0.013752583,0.020827879,0,0,0.006404981,0,0,0,0,0,0,0,0,0,0,0,0
W653,2016,0,0,0,0,0,0.008275028,0,0,0.033986369,0.138621243,0,0,0.044684059,0.006019363,0,0,0.028340342,0,0,0,0,0,0,0,0,0,0,0
W657,2016,0,0,0,0,0,0,0,0,0,0,0,0,0.008449907,0,0,0.005857737,0,0,0,0,0,0,0,0,0,0,0,0.057621267
W658,2016,0,0,0,0,0,0,0,0,0,0,0,0,0.00857906,0,0,0,0,0,0,0,0,0,0,0,0,0,0,0
W659,2016,0,0,0,0,0,0,0,0,0,0,0,0,0.013725683,0,0,0,0,0,0,0,0,0,0,0,0,0,0,0
W672,2016,0,0,0,0,0,0,0,0,0,0,0,0,0,0,0,0,0,0,0,0,0,0,0,0,0,0,0,0
W697,2016,0,0,0,0,0,0,0,0,0.001142528,0,0,0,0.00906786,0,0,0.0118499,0.009089256,0,0,0,0,0,0,0,0,0,0,0.289408385
W698,2016,0,0,0,0,0,0,0,0,0,0,0,0.005775468,0.003998709,0,0,0.002011926,0,0,0,0,0,0,0,0,0,0,0,0
W699,2016,0,0,0,0,0,0,0,0,0,0,0,0,0.010008569,0,0,0,0,0,0,0,0,0,0,0,0,0,0,0
W728,2016,0,0,0,0,0,0.004328567,0,0,0,0,0,0.000298444,0.006297944,0,0,0,0,0,0,0,0,0,0,0,0,0,0,0
W729,2016,0,0,0,0,0,0,0,0,0.012806287,0.092508059,0,0,0,0,0,0,0,0,0,0,0,0,0,0,0,0,0,0.084725184
W730,2016,0,0,0,0,0,0,0,0,0,0,0,0,0.012811407,0,0,0.001912189,0,0,0,0,0,0,0,0,0,0,0,0
W759,2016,0,0,0,0,0,0,0,0,0,0,0,0.000647289,0.013823949,0,0,0.016115127,0,0,0,0,0,0,0,0,0,0,0,0.005177026
W760,2016,0,0,0,0,0,0,0,0,0,0,0,0,0.003088854,0,0,0.010930549,0.013935451,0,0,0,0,0,0,0,0,0,0,0.028085458
W761,2016,0,0,0,0,0,0,0,0,0.005915578,0,0,0,0.012602461,0,0,0.011156618,0,0,0,0,0,0,0,0,0,0,0,0.294458945
W826,2016,0,0,0,0,0,0,0,0,0,0,0,0,0.007489361,0,0,0,0,0,0,0,0,0,0,0,0,0,0,0
W827,2016,0,0,0,0,0,0,0,0,0,0,0,0,0.008568427,0,0,0,0,0,0,0,0,0,0,0,0,0,0,0
W828,2016,0,0,0,0,0,0,0,0,0,0,0,0,0.010799304,0,0,0,0,0,0,0,0,0,0,0,0,0,0,0
W858,2016,0,0,0,0,0,0,0,0,0,0.032621195,0,0,0.009172952,0,0,0,0,0,0,0,0,0,0,0,0,0,0,0
W859,2016,0,0,0,0,0,0,0,0,0,0,0,0.002173977,0.011372918,0,0,0.010389489,0,0,0,0,0,0,0,0,0,0,0,0
W860,2016,0,0,0,0,0,0,0,0,0,0,0,0.01587334,0.007034292,0,0,0.008160935,0,0,0.034313564,0,0,0.158005195,0,0,0,0,0,0
W890,2016,0,0,0.049846192,0,0,0.000289176,0,0,0,0,0,0,0.017861284,0.027789189,0,0.01457267,0.062796828,0,0,0,0,0.017423605,0,0,0,0,0,0
W891,2016,0,0,0.007552027,0,0,0,0,0,0,0,0,0.002316944,0.00155995,0,0,0,0,0,0.26931779,0,0,0.223240732,0,0,0,0,0,0
W892,2016,0,0,0,0,0,0,0,0,0.03246018,0,0,0,0,0,0,0.013502979,0,0,0.099100937,0,0,0.740122794,0,0,0,0,0,0
W923,2016,0,0,0.019469822,0,0,0,0,0,0,0,0,0,0.001180377,0,0,0.010124143,0,0,0,0,0.008181255,0,0,0,0,0,0,0
W924,2016,0,0,0,0,0,0,0,0,0,0.011509874,0.002830037,0,0.00070755,0.017619414,0,0.000923362,0.03713756,0,0.41352874,0,0,0,0,0,0,0,0,0
W925,2016,0,0,0,0,0,0,0,0,0.016917464,0,0,0,0.013029974,0,0,0.01153194,0.011589154,0,0,0,0,0,0,0,0,0,0,0
W956,2016,0,0,0.093143155,0,0,0,0,0,0,0,0,0,0,0.022236397,0,0,0.017532961,0,0.777295258,0,0,0,0,0,0,0,0,0
W957,2016,0,0,0.124904699,0,0,0,0,0,0.023524775,0.010486583,0,0,0.001490422,0.027459131,0,0.016620999,0.026207434,0,0.252976922,0,0,0.208587214,0,0,0,0,0,0
W958,2016,0,0,0,0,0,0,0,0,0.017853569,0,0,0,0.009979748,0,0,0.007800282,0,0,0.104193198,0,0,0.15599654,0,0,0,0,0,0
W35,2017,0,0,0,0,0,0,0,0,0,0,0,0,0,0,0,0,0,0,0,0,0,0,0,0,0,0,0,0
W120,2017,0,0,0,0,0,0,0,0,0,0,0,0,0,0,0,0,0,0,0,0,0,0,0,0,0,0,0,0
W153,2017,0,0,0,0,0,0,0,0,0,0,0,0,0,0,0,0.005466589,0,0,0,0,0,0,0,0,0,0,0,0
W154,2017,0,0,0,0,0,0,0,0,0,0,0,0,0,0,0,0,0,0,0,0,0,0,0,0,0,0,0,0
W181,2017,0,0,0,0,0,0,0,0,0,0,0,0,0,0,0,0,0,0,0,0,0,0,0,0,0,0,0,0
W182,2017,0,0,0,0,0,0,0,0,0,0,0,0,0,0,0,0,0,0,0,0,0,0,0,0,0,0,0,0
W183,2017,0,0,0,0,0,0,0,0,0,0,0,0,0,0,0,0,0,0,0,0,0,0,0,0,0,0,0,0
W210,2017,0,0,0,0,0,0,0,0,0,0,0,0,0,0,0,0,0,0,0,0,0,0,0,0,0,0,0,0
W211,2017,0,0,0,0,0,0,0,0,0,0,0,0,0,0,0,0,0,0,0,0,0,0,0,0,0,0,0,0
W212,2017,0,0,0,0,0,0,0,0,0,0,0,0,0,0,0,0,0,0,0,0,0,0,0,0,0,0,0,0
W332,2017,0,0,0,0,0,0,0,0,0,0,0,0,0,0,0,0,0,0,0,0,0,0,0,0,0,0,0,0
W361,2017,0,0,0,0,0,0,0,0,0,0,0,0,0.01215517,0,0,0,0,0,0,0,0,0,0,0,0,0,0,0
W362,2017,0,0,0,0,0,0,0,0,0,0,0,0,0,0,0,0,0,0,0,0,0,0,0,0,0,0,0,0
W391,2017,0,0,0,0,0,0,0,0,0,0.080520515,0,0.028898868,0,0,0,0,0,0,0,0,0,0,0,0,0,0,0,0
W392,2017,0,0,0,0,0,0,0,0,0,0,0,0,0.002684715,0,0,0,0,0,0,0,0,0,0,0,0,0,0,0
W415,2017,0,0,0,0,0,0,0,0,0,0,0,0,0,0,0,0.01261672,0,0,0,0,0,0,0,0,0,0,0,0
W416,2017,0,0,0,0,0,0,0,0,0,0,0,0,0.004103713,0,0,0,0,0,0,0,0,0,0,0,0,0,0,0
W417,2017,0,0,0,0,0,0,0,0,0.03788606,0,0,0,0.007360495,0,0,0.008709594,0,0,0,0,0,0,0,0,0,0,0,0
W421,2017,0,0,0,0,0,0,0,0,0,0,0,0,0,0,0,0,0,0,0,0,0,0,0,0,0,0,0,0
W422,2017,0,0,0,0,0,0,0,0,0,0,0,0,0.01706311,0,0,0.006438019,0,0,0,0,0,0,0,0,0,0,0,0
W445,2017,0,0,0,0,0,0,0,0,0,0,0,0,0.005885024,0,0,0,0,0,0,0,0,0,0,0,0,0,0,0
W446,2017,0,0,0,0,0,0,0,0,0,0,0,0,0.018015081,0,0,0,0,0,0,0,0,0,0,0,0,0,0,0
W447,2017,0,0,0,0,0,0,0,0,0.037750282,0,0,0,0,0,0,0.015412522,0,0,0,0,0,0,0,0,0,0,0,0
W451,2017,0,0,0,0,0,0,0,0,0,0,0,0,0,0,0,0,0,0,0,0,0,0,0,0,0,0,0,0
W452,2017,0,0,0,0,0,0,0,0,0,0,0,0,0,0,0,0,0,0,0,0,0,0,0,0,0,0,0,0
W475,2017,0,0,0,0,0,0,0,0,0,0,0,0,0.003118956,0,0,0,0,0,0,0,0,0,0,0,0,0,0,0
W476,2017,0,0,0,0,0,0,0,0,0,0,0,0,0,0,0,0.001506262,0,0,0,0,0,0,0,0,0,0,0,0
W477,2017,0,0,0,0,0,0,0,0,0,0,0,0,0,0,0,0,0,0,0,0,0,0,0,0,0,0,0,0
W481,2017,0,0,0,0,0,0,0,0,0,0,0,0,0.013161529,0,0,0,0,0,0,0,0,0,0,0,0,0,0,0
W482,2017,0,0,0,0,0,0,0,0,0,0,0,0,0,0,0,0,0,0,0,0,0,0,0,0,0,0,0,0
W483,2017,0,0,0,0,0,0,0,0,0,0,0,0,0,0,0,0,0,0,0,0,0,0,0,0,0,0,0,0
W506,2017,0,0,0,0,0,0,0,0,0,0,0,0,0,0,0,0,0,0,0,0,0,0,0,0,0,0,0,0
W507,2017,0,0,0,0,0,0,0,0,0,0,0,0,0,0,0,0,0,0,0,0,0,0,0,0,0,0,0,0
W508,2017,0,0,0,0,0,0,0,0,0,0,0,0,0,0,0,0.012036589,0,0,0,0,0,0,0,0,0,0,0,0
W537,2017,0,0,0,0,0,0,0,0,0,0,0,0,0.006852047,0,0,0.000939856,0,0,0,0,0,0,0,0,0,0,0,0
W538,2017,0,0,0,0,0,0,0,0,0,0,0,0,0,0,0,0,0,0,0,0,0,0,0,0,0,0,0,0
W539,2017,0,0,0,0,0,0,0,0,0,0,0,0,0.002569333,0,0,0.012428464,0,0,0,0,0,0,0,0,0,0,0,0.20183759
W568B,2017,0,0,0,0,0,0,0,0,0,0,0,0,0,0,0,0,0,0,0,0,0,0,0,0,0,0,0,0
W569,2017,0,0,0,0,0,0,0,0,0,0,0,0,0.005212931,0,0,0,0,0,0,0,0,0,0,0,0,0,0,0
W570,2017,0,0,0,0,0,0,0,0,0,0,0,0,0.009177047,0,0,0,0,0,0,0,0,0,0,0,0,0,0,0.112053747
W602,2017,0,0,0,0,0,0,0,0,0,0.023440925,0,0,0.007024014,0,0,0,0,0,0,0,0,0,0,0,0,0,0,0
W603,2017,0,0,0,0,0,0,0,0,0,0,0,0,0,0,0,0.003903435,0,0,0,0,0,0,0,0,0,0,0,0
W604,2017,0,0,0,0,0,0,0,0,0.021137142,0.086858634,0,0,0.003787981,0,0,0,0,0,0,0,0,0,0,0,0,0,0,0
W634,2017,0,0,0,0,0,0,0,0,0.017454676,0,0,0,0.009431719,0,0,0.00481155,0,0,0,0,0,0,0,0,0,0,0,0
W635,2017,0,0,0,0,0,0,0,0,0,0,0,0,0.00403465,0,0,0,0,0,0,0,0,0,0,0,0,0,0,0
W636,2017,0,0,0,0,0,0,0,0,0,0,0,0,0.062863367,0,0,0,0,0,0,0,0,0,0,0,0,0,0,0
W666,2017,0,0,0,0,0,0,0,0,0.021500655,0,0,0,0.010522661,0,0,0.020719096,0,0,0,0,0,0,0,0.000124749,0,0,0,0.105545422
W667,2017,0,0,0,0,0,0,0,0,0,0.027600235,0,0,0.07521884,0,0,0,0,0,0,0,0,0,0,0,0,0,0,0.066335707
W668,2017,0,0,0,0,0,0,0,0,0.005161807,0.028813772,0,0,0.000566059,0,0,0.001810562,0,0,0,0,0,0,0,0,0,0,0,0.163579178
W691,2017,0,0,0,0,0,0,0,0,0,0,0,0,0.019614305,0,0,0,0,0,0,0,0,0,0,0,0,0,0,0
W692,2017,0,0,0,0,0,0,0,0,0,0,0,0,0.025976793,0,0,0,0,0,0,0,0,0,0,0,0,0,0,0
W693,2017,0,0,0,0,0,0,0,0,0,0.035567218,0,0,0.01153713,0.03369279,0,4.32E-05,0.059297979,0,0,0,0,0,0,0.073929416,0,0,0,0.28190005
W724,2017,0,0,0,0,0,0,0,0,0,0.007858629,0,0,0.026990641,0,0,0,0,0,0,0,0,0,0,0,0,0,0,0
W753,2017,0,0,0,0,0,0.017836854,0,0,0,0.094101,0,0,0.003275525,0.022228829,0,0,0.039910968,0,0,0,0,0,0,0,0,0,0,0.149734604
W754,2017,0,0,0,0,0,0,0,0,0,0,0,0,0.004200891,0,0,0,0,0,0,0,0,0,0,0,0,0,0,0
W755,2017,0,0,0,0,0,0,0,0,0,0,0,0,0.017809562,0,0,0,0,0,0,0,0,0,0,0,0,0,0,0
OG-ABMI-532-41,2017,0,0,0,0,0,0,0,0,0.022582618,0,0,0,0.013907012,0,0,0.04996836,0.00529914,0,0,0,0,0,0,0.003649414,0,0,0,0
OG-ABMI-585-41,2017,0,0,0,0,0,0,0,0,0,0,0,0,0.001280627,0.013636623,0,0.000966368,0.01540282,0,0.265876474,0,0.036078629,0,0,0,0,0,0,0
OG-ABMI-602-41,2017,0,0,0,0.143123657,0,0.215309729,0,0,0.04032479,0.043447099,0,0.013239139,0.003851767,0,0,0.015032091,0.003817053,0,0,0,0,0,0,0.0759712,0,0,0,0
OG-ABMI-634-41,2017,0,0,0,0,0,0.418736713,0,0,0,0.0466607,0,0,0.01375172,0.028382237,0,0.000542681,0.115435055,0,0,0,0,0,0,0.042091855,0,0,0,0
OG-ABMI-660-41,2017,0,0,0.223365764,0,0,0.029903392,0,0,0,1.76E-05,0,0,0.00742393,0.024194207,0,0.031386306,0.030986712,0,0,0,0,0,0,0,0,0,0,0
OG-ABMI-690-41,2017,0,0,0,0,0,0.066253683,0,0,0,0,0,0,0.000667407,0.032438496,0,0.00742066,0.055879293,0,0,0,0,0,0,0,0,0,0,0.354637634
OG-ABMI-824-41,2017,0,0,0,0.01971981,0,0.390247191,0,0,0,0,0,0,0,0.056662783,0,0,0.053733225,0,0,0,0,0.180144542,0,0.010000025,0,0,0,0
OG-ABMI-860-41,2017,0,0,0,0.14464627,0,0,0,0,0,0,0.063128425,0,0,0.056038437,0,0,0.087794853,0,0,0,0,0.565403965,0,0,0,0,0,0
OG-ABMI-862-41,2017,0.583925676,0,0,0,0,0.161368403,0,0,0.020519489,0.020427084,0,0,0,0.013758417,0,0.000216255,0.004553232,0,0,0,0,0.040255401,0,0,0,0,0,0
OG-ABMI-893-41,2017,0,0,0,0.079881435,0,0,0.055940017,0,0.241922765,0,0,0,0.003300065,0.005278228,0,0.052439341,0.041291173,0,0,0,0,0.348735244,0,0.011029356,0,0,0,0
OG-ABMI-957-41,2017,0.228106979,0.039194259,0.02402691,0,0,0.081862409,0,0,0.007444607,0,0,0,0,0.059041635,0.010511474,0.003322936,0.014267085,0,0.19477606,0,0,0,0,0.005199862,0,0,0,0
W1086,2017,0,0,0.24070543,0,0,0,0,0,0,0,0,0,0,0.027782011,0,0.023760785,0.017174545,0,0,0,0,0,0,0,0,0,0,0
W1119,2017,0,0,0.098880228,0,0,0,0,0,0,0.007181856,0,0,0,0.02846585,0,0.007167756,0.039299167,0,0,0,0.119442351,0,0,0,0,0,0,0
W1178,2017,0,0,0.03353046,0,0,0,0,0,0.024064157,0.003175597,0,0,0.000785939,0.039932018,0,0.028897899,0.081649087,0,0.021851118,0,0.037356509,0.390692743,0,0.002228111,0,0,0,0
W1179,2017,0,0,0,0,0,0,0,0,0.028261528,0.086104884,0,0,0.002453671,0.010510134,0,0.008739869,0.017998871,0,0,0,0,0.179290926,0,0,0,0,0,0
W1180,2017,0,0,0.011152399,0,0,0,0,0,0,0,0,0,0.004027729,0,0,0.002486628,0.002710282,0,0,0,0,0.767347846,0,3.85E-06,0,0,0,0
W1212,2017,0,0,0,0,0,0,0,0,0,0,0,0,0.004139176,0,0,0.024717736,0.019107656,0,0,0,0,0,0,0,0,0,0,0
W1242,2017,0,0,0.027245277,0,0,0,0,0,0,0.005116696,0,0,0,0.016742949,0,0.020972408,0.025683279,0,0.311324527,0,0.211985912,0.090872424,0,0,0,0,0,0
OG-ABMI-359-41,2017,0,0,0,0.224304324,0,0.063173994,0.038700823,0,0,0,0,0,0,0.015670328,0,0.00247501,0,0,0,0,0,0,0,0,0,0.002331811,0,0